pauses,rate_of_speech,articulation_rate,f0_mean_praat,rms,zcr,label
2.0,1.0,4.0,124.95,0.002086243126541376,0.0834886617675038,1
3.0,1.0,5.0,128.87,0.002443868899717927,0.0748638460806697,1
4.0,2.0,4.0,127.75,0.0028197995852679014,0.11328125,1
3.0,2.0,4.0,123.17,0.0022297226823866367,0.1086466657153729,1
4.0,2.0,4.0,123.62,0.002169536193832755,0.0844459011130137,1
3.0,1.0,5.0,110.33,0.0010586766293272376,0.1013373109303653,1
1.0,2.0,5.0,123.44,0.0031335263047367334,0.0629080158390411,1
2.0,1.0,3.0,127.18,0.003695244900882244,0.1256265161244292,1
2.0,2.0,4.0,113.59,0.0019051043782383204,0.11493486610540335,1
4.0,2.0,4.0,122.24,0.003263012273237109,0.105064450152207,1
4.0,1.0,4.0,129.92,0.0019407570362091064,0.1314925799086758,1
0.0,2.0,5.0,119.07,0.0018685988616198301,0.061470670424277014,1
0,,2,170.76,0.0013096773764118552,0.008765280156012176,1
2.0,1.0,5.0,138.5,0.001673927647061646,0.10431604951484018,1
2.0,2.0,4.0,121.13,0.003544385079294443,0.1062015434741248,1
1.0,2.0,4.0,124.64,0.0015423746081069112,0.08891772498097412,1
2.0,2.0,4.0,121.44,0.0036257405299693346,0.07435847127092847,1
4.0,3.0,4.0,120.97,0.002139572286978364,0.10162269905821918,1
5.0,2.0,4.0,115.29,0.0026450499426573515,0.12029778467465753,1
5.0,2.0,5.0,111.41,0.0020159303676337004,0.12061513032724505,1
4.0,2.0,4.0,121.68,0.002450779778882861,0.11535031392694065,1
3.0,3.0,5.0,129.31,0.0027640333864837885,0.11217016861681887,1
2.0,3.0,4.0,127.53,0.0025791567750275135,0.10242981235730593,1
2.0,1.0,4.0,121.9,0.0011058558011427522,0.09213725979832572,1
0.0,1.0,5.0,142.39,0.00285903736948967,0.03024370957001522,1
0.0,1.0,5.0,109.97,0.0022924658842384815,0.02269058575913242,1
2.0,2.0,4.0,121.51,0.004196864552795887,0.1046222471936834,1
1.0,2.0,5.0,145.65,0.0023043202236294746,0.11797083095509893,1
2.0,2.0,4.0,126.22,0.0036306031979620457,0.04986414335996956,1
4.0,2.0,4.0,135.25,0.0032533754128962755,0.11756355831430745,1
3.0,1.0,4.0,114.85,0.003223244333639741,0.12521627069063926,1
4.0,2.0,4.0,129.09,0.0038677763659507036,0.1243779430650685,1
4.0,2.0,4.0,114.29,0.003180121071636677,0.117255874238965,1
3.0,2.0,5.0,141.32,0.0042587388306856155,0.11587798468417047,1
1.0,2.0,4.0,123.69,0.0015308619476854801,0.057236669996194825,1
2.0,2.0,4.0,204.6,0.0025758889969438314,0.09843363536910198,1
4.0,2.0,5.0,212.73,0.0032554983627051115,0.0963251819349315,1
2.0,2.0,4.0,197.64,0.0015076593263074756,0.13335949391171995,1
4.0,2.0,5.0,205.98,0.0024115920532494783,0.0870478381849315,1
5.0,1.0,4.0,187.92,0.0020329849794507027,0.1124800822869102,1
4.0,2.0,4.0,177.98,0.0020113217178732157,0.10077396665715373,1
4.0,1.0,4.0,188.42,0.001839691074565053,0.11459968369482496,1
3.0,2.0,5.0,168.25,0.0017347094835713506,0.10468467584665145,1
1,,4,193.41,0.0016404232010245323,0.08674832929033485,1
3.0,1.0,5.0,206.65,0.0014892974868416786,0.14641079837328766,1
2.0,1.0,6.0,164.2,0.0014875531196594238,0.11859065829528158,1
5.0,3.0,4.0,183.46,0.002221968723461032,0.10838803272450533,1
7.0,2.0,4.0,202.48,0.002290578093379736,0.11434105070395738,1
4.0,3.0,5.0,186.41,0.001532837632112205,0.08664428153538813,1
2,,4,147.65,0.0002548060438130051,0.1688308599695586,1
3.0,2.0,4.0,180.02,0.0023122529964894056,0.09906906987252663,1
4.0,2.0,5.0,166.34,0.0011168577475473285,0.11004833761415525,1
2.0,2.0,4.0,199.45,0.0013967875856906176,0.13566861087328766,1
3.0,3.0,5.0,211.55,0.0020205394830554724,0.09300828814687975,1
2.0,1.0,4.0,203.56,0.0014108932809904218,0.12911360231164384,1
3.0,3.0,5.0,206.58,0.002196578774601221,0.10881908770928463,1
1,,4,224.49,0.0012477363925427198,0.08135791238584475,1
4.0,1.0,4.0,178.52,0.002251280937343836,0.12505499667047185,1
5.0,2.0,5.0,200.66,0.0016990161966532469,0.12746221580098935,1
3.0,2.0,5.0,172.43,0.0017790138954296708,0.11532281559170472,1
3.0,2.0,5.0,174.67,0.0011957258684560657,0.13230415239726026,1
3.0,2.0,5.0,170.01,0.0024781511165201664,0.11865308694824962,1
4.0,3.0,4.0,182.41,0.002350782509893179,0.11235596817922375,1
5.0,2.0,5.0,180.11,0.0019328260095790029,0.09631106116818873,1
3.0,2.0,4.0,210.2,0.0018075978150591254,0.0686306423611111,1
2.0,1.0,4.0,205.68,0.0012161614140495658,0.0561753828957382,1
2.0,2.0,3.0,193.16,0.0014676620485261083,0.11536517789193303,1
4.0,2.0,4.0,170.45,0.001566625665873289,0.10286978572108067,1
2.0,3.0,4.0,197.27,0.0019145556725561619,0.10635538551179605,1
4.0,3.0,5.0,172.34,0.0013964823447167873,0.10700345438546423,1
4.0,2.0,4.0,169.76,0.001099232118576765,0.10571474862062405,1
2.0,2.0,4.0,175.93,0.0009883935563266277,0.059209118150684935,1
0,,3,115.36,0.0011375503381714225,0.02092548991628615,1
2.0,3.0,5.0,151.51,0.004244156181812286,0.07454427083333333,1
9.0,2.0,4.0,109.77,0.0037696855142712593,0.1021882729261796,1
5.0,2.0,5.0,118.14,0.003030946012586355,0.105400375761035,1
3.0,2.0,4.0,131.06,0.0033427884336560965,0.07464162980403348,1
3.0,3.0,4.0,142.21,0.002910153940320015,0.08874233019406393,1
2.0,2.0,5.0,119.54,0.0025202499236911535,0.06242939616628615,1
4.0,2.0,5.0,142.09,0.0038277225103229284,0.0494576139174277,1
4.0,2.0,5.0,137.98,0.002617140067741275,0.08572271570585997,1
5.0,2.0,5.0,117.52,0.002633354626595974,0.10153648806126332,1
4.0,1.0,5.0,160.6,0.0013215690851211548,0.05645705503234399,1
3.0,1.0,5.0,133.06,0.0020655908156186342,0.062375142694063926,1
0,,3,139.26,0.0013840136816725135,0.02171402325913242,1
1.0,2.0,5.0,132.63,0.0015578304883092642,0.038291060216894976,1
5.0,1.0,4.0,122.23,0.002300208667293191,0.06108049134322679,1
4.0,2.0,5.0,121.7,0.0012198877520859241,0.07953038789003045,1
2.0,2.0,4.0,110.29,0.00292592728510499,0.05035168141171994,1
3.0,1.0,5.0,118.05,0.0014948708703741431,0.06384816162480975,1
4.0,2.0,5.0,125.07,0.0020945733413100243,0.10272040287290715,1
4.0,2.0,5.0,143.94,0.00559746939688921,0.10818216680936073,1
3.0,2.0,5.0,143.07,0.0016554786125198007,0.13297451721841705,1
5.0,3.0,5.0,121.73,0.002978935372084379,0.08292606069254185,1
4.0,1.0,4.0,123.68,0.0019212827319279313,0.11045561025494673,1
3.0,2.0,5.0,137.14,0.0029752645641565323,0.09866402682648402,1
4.0,3.0,5.0,139.8,0.00548145454376936,0.06818323701484018,1
4.0,2.0,4.0,132.38,0.0038111493922770023,0.0873488334760274,1
5,,5,128.09,0.002897139173001051,0.10976889507229833,1
4.0,2.0,4.0,131.6,0.004095019306987524,0.0889927880041857,1
3.0,2.0,4.0,111.96,0.003608336439356208,0.09609107448630137,1
3.0,3.0,4.0,120.24,0.002345063490793109,0.07952592870053272,1
0,,2,257.26,0.00126304617151618,0.017540965087519025,1
0.0,1.0,4.0,251.54,0.0015166497323662043,0.021667201769406393,1
2.0,1.0,5.0,118.72,0.003513616742566228,0.03472296542047184,1
1.0,2.0,5.0,133.49,0.004898423328995705,0.07181227406773212,1
1.0,2.0,6.0,150.72,0.003606898710131645,0.04807080598363775,1
2.0,2.0,5.0,141.03,0.0020632529631257057,0.051333446299467275,1
2,,4,152.37,0.002199846785515547,0.06657569920091325,1
0,,5,201.9,0.0020162600558251143,0.02156984279870624,1
1.0,1.0,5.0,121.21,0.002596024889498949,0.050602882420091325,1
2.0,2.0,6.0,109.51,0.004403421189635992,0.06134655631659056,1
2.0,2.0,6.0,149.4,0.004252385348081589,0.07464534579528158,1
2.0,2.0,5.0,109.79,0.003081673290580511,0.0350915917522831,1
6.0,3.0,5.0,136.67,0.0017109697218984365,0.10500425109398782,1
3.0,3.0,5.0,120.07,0.002849763724952936,0.1062431625761035,1
4.0,2.0,5.0,152.92,0.003752770135179162,0.0944025280631659,1
5.0,1.0,7.0,155.89,0.002358504105359316,0.09797879804033485,1
5.0,2.0,4.0,155.25,0.003621890675276518,0.0952609220414764,1
3.0,1.0,4.0,178.96,0.0024889332707971334,0.12289674895357687,1
1.0,1.0,5.0,134.96,0.002010377822443843,0.0583076186738965,1
1,,2,228.26,0.0012560086324810982,0.03916283176369863,1
2,,3,241.78,0.0018701397348195314,0.05619767884322679,1
1,,2,210.41,0.0008565583266317844,0.0316847709760274,1
3,,4,201.3,0.0010879706824198365,0.0645252152302131,1
4.0,3.0,4.0,215.01,0.0020949502941221,0.1039697191305175,1
3.0,3.0,4.0,209.47,0.001736183650791645,0.10352825937024353,1
2.0,1.0,4.0,201.74,0.0010832046391442418,0.0602533116914003,1
0.0,1.0,4.0,212.88,0.0008832417661324143,0.03162234232305936,1
4.0,3.0,5.0,208.92,0.0018242350779473782,0.08699135511796043,1
1,,3,215.08,0.001024244586005807,0.009454968131659056,1
2.0,2.0,3.0,219.54,0.001580892945639789,0.05678257586567732,1
1.0,2.0,4.0,190.02,0.0008060011314228177,0.06528402064307458,1
5.0,2.0,4.0,219.54,0.0016403227346017957,0.09645598482686453,1
4.0,2.0,4.0,199.37,0.001314137945882976,0.10198835259703197,1
3.0,1.0,3.0,277.73,0.0021918262355029583,0.05124128971651446,1
4.0,2.0,4.0,226.88,0.001562063000164926,0.10254426488774733,1
2.0,3.0,4.0,255.09,0.0014736511511728168,0.10328894953386605,1
3.0,3.0,5.0,222.28,0.0013693934306502342,0.11972626522070015,1
5.0,2.0,4.0,204.92,0.0014364677481353283,0.10780239250380518,1
0.0,1.0,4.0,205.06,0.00041836703894659877,0.06443305864726027,1
2.0,2.0,4.0,205.88,0.003717269981279969,0.07511653348554033,1
0,,5,225.57,0.0021688691340386868,0.02156909960045662,1
3.0,2.0,4.0,198.48,0.006242203526198864,0.0708959106259513,1
3.0,2.0,5.0,177.42,0.003118189051747322,0.0681497930936073,1
0,,4,197.39,0.0034865292254835367,0.01530914074391172,1
2.0,2.0,6.0,199.8,0.003506470937281847,0.036800947726407914,1
1.0,2.0,5.0,170.85,0.002198705682530999,0.0500105534151446,1
0.0,1.0,6.0,123.35,0.006622326094657183,0.026889655869482495,1
3.0,1.0,4.0,128.59,0.01005969475954771,0.08610620600266362,1
2.0,2.0,4.0,155.66,0.008623424917459488,0.0856892717846271,1
5,,4,154.46,0.007912983186542988,0.10507411172945205,1
2,,5,138.32,0.0038549373857676983,0.1318470854737443,1
1.0,1.0,5.0,133.19,0.007319788448512554,0.0337716716609589,1
3.0,2.0,4.0,141.27,0.01079535111784935,0.07829816519216135,1
3.0,3.0,4.0,136.15,0.009629113599658012,0.0891496028348554,1
3.0,3.0,4.0,128.95,0.010429343208670616,0.09347278705289193,1
4.0,3.0,5.0,126.35,0.011014617048203945,0.10097983257229833,1
2.0,1.0,5.0,169.2,0.004634272772818804,0.13167392028158295,1
0,,1,130.61,0.0006407985929399729,0.010959201388888888,1
5.0,2.0,5.0,169.65,0.006079784594476223,0.09076977501902588,1
2.0,2.0,4.0,181.35,0.00549978157505393,0.10383074105783865,1
3.0,2.0,4.0,150.52,0.006983517669141293,0.09446941590563165,1
2.0,3.0,5.0,154.34,0.002003120956942439,0.09078463898401827,1
3.0,2.0,5.0,157.77,0.0041196756064891815,0.09565110112252663,1
2.0,1.0,5.0,210.05,0.0031885106582194567,0.0203628888413242,1
2,,4,194.69,0.002618482569232583,0.06779974671803653,1
3.0,2.0,4.0,178.96,0.003507264656946063,0.11658179342656012,1
5.0,2.0,4.0,176.71,0.0038326799403876066,0.11239907367770167,1
3,,3,191.72,0.0018587297527119517,0.055144566923515985,1
5.0,1.0,4.0,187.68,0.004901054315268993,0.08047424966704718,1
5.0,2.0,5.0,185.74,0.004160990472882986,0.12712257420091325,1
3.0,2.0,5.0,174.1,0.0035093545448035,0.0665965087519026,1
1.0,2.0,5.0,258.3,0.002636886900290847,0.053124554081050226,1
4.0,3.0,5.0,231.97,0.0024975843261927366,0.09197004019216135,1
4.0,2.0,5.0,242.58,0.0016750175273045897,0.1134945478976408,1
1.0,1.0,3.0,214.89,0.001303848926909268,0.053863293141172,1
3.0,3.0,5.0,261.57,0.0033079837448894978,0.0996398461282344,1
4.0,2.0,4.0,225.23,0.001839080941863358,0.128959017075723,1
1.0,2.0,5.0,212.81,0.000977243878878653,0.1321830110825723,1
2.0,2.0,4.0,251.6,0.0025252941995859146,0.04741902111872146,1
5.0,1.0,4.0,212.38,0.0019222238333895802,0.0798685430936073,1
2.0,3.0,4.0,254.33,0.004246840253472328,0.08798501117770167,1
4.0,2.0,5.0,244.98,0.004413291346281767,0.08478851550608828,1
4.0,3.0,4.0,240.19,0.0034716001246124506,0.0911213077910959,1
2.0,3.0,3.0,245.83,0.0039484696462750435,0.10018758323820395,1
0.0,3.0,6.0,206.94,0.0019234847277402878,0.0495757824391172,1
2.0,3.0,5.0,234.27,0.00279538263566792,0.07788940615487062,1
6.0,3.0,5.0,240.25,0.003593442728742957,0.09338954884893455,1
4.0,4.0,6.0,221.66,0.002353459596633911,0.09138811596270928,1
4.0,1.0,3.0,247.44,0.004747120197862387,0.13442895619292236,1
3.0,3.0,4.0,229.8,0.003154522040858865,0.0775913836567732,1
3,,6,248.45,0.0038895069155842066,0.12203389578576865,1
4.0,2.0,4.0,232.15,0.003888338804244995,0.0818097769216134,1
5.0,2.0,5.0,222.29,0.0034340396523475647,0.10168661410768645,1
0.0,2.0,3.0,238.99,0.0016922843642532825,0.0403289098173516,1
4.0,3.0,5.0,228.11,0.00239036837592721,0.0741882788717656,1
0.0,2.0,4.0,197.59,0.0009258108329959214,0.041190276588660577,1
1,,4,229.8,0.0012356110382825136,0.0734331894501522,1
3.0,2.0,4.0,224.29,0.0010048086987808347,0.11693629899162862,1
5.0,2.0,5.0,242.97,0.0031166349072009325,0.10908589588089802,1
2.0,1.0,3.0,251.59,0.0026646465994417667,0.1279876569634703,1
3.0,3.0,5.0,235.87,0.002615697216242552,0.09952316400304415,1
3.0,1.0,5.0,240.54,0.003125941613689065,0.11796116937785388,1
3.0,3.0,6.0,237.14,0.004154743626713753,0.07681325508942162,1
4.0,2.0,4.0,235.95,0.0034284875728189945,0.10777192137557078,1
5.0,2.0,5.0,239.13,0.003139436012133956,0.10289505446156773,1
4.0,3.0,5.0,232.63,0.002218174282461405,0.11332435549847793,1
5.0,2.0,5.0,216.53,0.002144962316378951,0.07641044163812785,1
2.0,3.0,5.0,217.58,0.001789216767065227,0.0781666191019787,1
4.0,2.0,6.0,257.31,0.004151549190282822,0.0829580182172755,1
2.0,3.0,5.0,215.92,0.0015532245161011815,0.08911838850837138,1
3.0,2.0,4.0,261.76,0.001541638164781034,0.1443298432743531,1
5.0,3.0,5.0,223.79,0.002521306974813342,0.08320773282914765,1
0.0,3.0,4.0,232.83,0.0026320696342736483,0.09970524757420092,1
4.0,3.0,4.0,228.89,0.003173648379743099,0.10237035649733638,1
1,,3,240.7,0.0028140759095549583,0.13198606354642314,1
3.0,3.0,4.0,240.8,0.0028367398772388697,0.08450089778348555,1
3.0,3.0,4.0,215.93,0.002824535360559821,0.0961951222412481,1
4.0,2.0,3.0,216.78,0.0027320750523358583,0.1077198974980974,1
3,,4,232.78,0.002619804348796606,0.14353387794901065,1
3.0,3.0,4.0,211.34,0.0030229738913476467,0.0940286993436073,1
2.0,3.0,6.0,244.95,0.0036672628484666348,0.1305345973649163,1
2,,4,207.76,0.0005002996185794473,0.08779326602929985,1
4.0,2.0,3.0,215.37,0.0021945293992757797,0.10744194135273973,1
2.0,2.0,4.0,233.41,0.003904275130480528,0.07791690449010655,1
5.0,2.0,5.0,234.16,0.0019527762196958065,0.09127514982876712,1
3.0,3.0,4.0,217.63,0.002696788404136896,0.07479398544520548,1
3.0,2.0,5.0,265.41,0.002379792043939233,0.09536422659817352,1
4.0,2.0,4.0,235.65,0.0023284887429326773,0.09315692779680365,1
2.0,1.0,4.0,245.38,0.0032635265961289406,0.05989286054033485,1
3.0,3.0,5.0,223.95,0.0033601666800677776,0.09670792903348555,1
4.0,2.0,3.0,212.47,0.0026767319068312645,0.08711101003614917,1
2.0,3.0,5.0,205.3,0.002008123090490699,0.09994827340182648,1
5.0,2.0,4.0,217.91,0.003195520956069231,0.096275387652207,1
4.0,2.0,4.0,219.96,0.002591776894405484,0.09501418022260275,1
3.0,3.0,4.0,241.78,0.003107974072918296,0.09276451912100457,1
2.0,1.0,5.0,198.12,0.0007731387158855796,0.0660777563736682,1
0.0,1.0,4.0,237.6,0.001062428462319076,0.07006575818112633,1
3.0,2.0,5.0,248.94,0.0021213258150964975,0.12081356425989345,1
3.0,2.0,4.0,223.87,0.0027963912580162287,0.1446345545566971,1
3.0,2.0,6.0,249.33,0.0025719590485095978,0.10043060906582953,1
4.0,2.0,3.0,209.79,0.0018071887316182256,0.06747868507420092,1
5.0,2.0,4.0,202.23,0.0018816364463418722,0.1097295055650685,1
3.0,2.0,5.0,240.59,0.002857757266610861,0.1324052273592085,1
5.0,2.0,3.0,225.32,0.00357458577491343,0.08500404299847793,1
4.0,3.0,5.0,217.26,0.0029206613544374704,0.1166531404585236,1
3.0,2.0,4.0,211.04,0.0028287998866289854,0.10717959237062405,1
5.0,2.0,4.0,210.98,0.001728978124447167,0.1129490403824201,1
3.0,2.0,4.0,256.05,0.0027058646082878113,0.12002131492579908,1
4.0,1.0,3.0,239.95,0.0023946613073349,0.12631025851407915,1
5.0,2.0,4.0,243.07,0.0027960375882685184,0.1213568421803653,1
3.0,2.0,6.0,238.69,0.0033652549609541893,0.09622039098173515,1
4.0,3.0,4.0,227.83,0.0029027091804891825,0.09746450485159817,1
3.0,2.0,6.0,199.96,0.0015615321462973952,0.1162339766457382,1
1,,4,221.96,0.00039229626418091357,0.09019230997907153,1
2.0,2.0,3.0,233.89,0.002576586790382862,0.095619143597793,1
4.0,2.0,4.0,227.55,0.002745861653238535,0.12500966157724505,1
3.0,2.0,4.0,227.99,0.0032680321019142866,0.11786901279490107,1
3.0,2.0,5.0,240.38,0.002451409585773945,0.11605189307458143,1
4.0,2.0,5.0,252.94,0.00192658556625247,0.11953229047754947,1
2,,5,243.78,0.003145720111206174,0.1340744506278539,1
2.0,1.0,4.0,227.51,0.00240829074755311,0.1144718535958904,1
1.0,2.0,5.0,253.74,0.004915341734886169,0.06968003828957382,1
3.0,3.0,4.0,249.41,0.004746198654174805,0.10305707167998478,1
3.0,2.0,4.0,250.07,0.0030105046462267637,0.11017170852359208,1
4.0,1.0,4.0,210.19,0.004108541179448366,0.11024379875380518,1
2.0,3.0,5.0,252.9,0.004916355479508638,0.09508627045281583,1
6.0,2.0,4.0,228.89,0.005353610962629318,0.08405497883371385,1
5.0,2.0,4.0,256.08,0.005471935495734215,0.0937002057172755,1
6.0,2.0,7.0,238.01,0.004240949172526598,0.0877419853500761,1
3.0,2.0,4.0,184.3,0.003560665063560009,0.11067634013508372,1
1,,4,176.11,0.0014650746015831828,0.08906116224315068,1
3.0,3.0,6.0,245.73,0.0019109633285552263,0.09137176560121765,1
2.0,3.0,4.0,217.21,0.0016673653153702617,0.09267756492579908,1
3.0,2.0,4.0,219.25,0.0028431566897779703,0.09650652230783865,1
0.0,2.0,4.0,220.76,0.001617706147953868,0.0797459153824201,1
4.0,3.0,5.0,219.9,0.002078328048810363,0.0975269335045662,1
5.0,2.0,4.0,211.84,0.0016175457276403904,0.07897075960806697,1
4.0,2.0,4.0,199.6,0.0024391019251197577,0.0884896427891933,1
4.0,2.0,4.0,209.08,0.002018581610172987,0.08679663717656012,1
4.0,2.0,4.0,217.27,0.001702177687548101,0.0799175941780822,1
3.0,4.0,5.0,220.88,0.0025609591975808144,0.09145797659817352,1
5.0,3.0,5.0,218.7,0.001651282305829227,0.0865328017979452,1
4.0,3.0,4.0,235.26,0.0030524132307618856,0.08158384465372907,1
3.0,1.0,3.0,225.28,0.0017202234594151378,0.0609474588565449,1
2.0,2.0,4.0,205.86,0.001461068750359118,0.11897860778158295,1
4.0,2.0,3.0,178.9,0.001201671315357089,0.0905148580194064,1
3.0,3.0,5.0,218.56,0.002152869710698724,0.11437821061643835,1
5.0,2.0,5.0,192.99,0.00145020114723593,0.09111238941210045,1
3.0,1.0,3.0,195.5,0.0016822094330564141,0.11439976336567732,1
4.0,1.0,3.0,214.81,0.003264801576733589,0.09582277991818873,1
4.0,2.0,5.0,196.55,0.0027773133479058743,0.1036798718131659,1
4.0,1.0,6.0,192.85,0.002347405767068267,0.09149736610540335,1
2,,3,172.53,0.0007708634366281331,0.0669175703957382,1
1.0,2.0,5.0,245.4,0.0017434117617085576,0.07508383276255708,1
4.0,1.0,6.0,189.73,0.0015841738786548376,0.10335212138508372,1
4.0,1.0,4.0,212.67,0.003270193934440613,0.11734580122716895,1
5,,4,196.63,0.00222506420686841,0.1227035174086758,1
7.0,3.0,5.0,200.36,0.0021421515848487616,0.10251528015601218,1
4.0,1.0,5.0,182.39,0.0017293711425736547,0.09834891076864535,1
2.0,2.0,6.0,195.21,0.0008429901208728552,0.0874595700152207,1
1,,2,237.78,0.0029533521737903357,0.07865415715372907,1
4.0,1.0,4.0,220.89,0.0029442324303090572,0.09593797564687975,1
3,,3,196.15,0.0012173798168078065,0.09391276041666667,1
4.0,1.0,4.0,215.91,0.003314046189188957,0.08003947869101978,1
4.0,2.0,5.0,210.6,0.003800616366788745,0.1131170031868341,1
4,,5,215.12,0.004839287139475346,0.0747218952149924,1
3.0,2.0,4.0,214.54,0.002938703401014209,0.08414267622716895,1
6.0,2.0,5.0,214.6,0.002183379838243127,0.09236988085045662,1
5.0,2.0,4.0,216.33,0.0030035804957151413,0.10351636819824962,1
3.0,2.0,5.0,202.79,0.002970820525661111,0.10537064783105023,1
1.0,2.0,5.0,239.93,0.003627992235124111,0.10309125879946728,1
3.0,1.0,4.0,211.82,0.0013584622647613287,0.1380342109018265,1
4.0,2.0,5.0,240.33,0.0022560132201761007,0.12972376807458144,1
2.0,3.0,5.0,234.12,0.003156109247356653,0.10770206074010655,1
3.0,2.0,5.0,231.13,0.0024138980079442263,0.11024305555555555,1
2.0,2.0,4.0,247.58,0.002725678961724043,0.10458137128995434,1
3.0,2.0,4.0,228.94,0.004203979857265949,0.0857621052130898,1
3.0,3.0,4.0,211.92,0.002630664734169841,0.08108813142123288,1
4.0,2.0,5.0,217.97,0.001833647140301764,0.10450630826674277,1
4.0,2.0,5.0,237.3,0.0035364122595638037,0.10356467608447488,1
4.0,2.0,4.0,203.14,0.003680992405861616,0.09264635059931507,1
1.0,2.0,3.0,233.07,0.002604912733659148,0.10354163693873668,1
3.0,1.0,4.0,198.48,0.0028244960121810436,0.103599606402207,1
3.0,2.0,4.0,235.81,0.004146588500589132,0.08804446703767123,1
2.0,1.0,4.0,217.57,0.003954994026571512,0.10954816519216135,1
3.0,2.0,4.0,249.38,0.0011661116732284427,0.09817277278348555,1
3.0,1.0,5.0,219.23,0.0018736016936600208,0.11871625879946728,1
4.0,2.0,5.0,209.37,0.002643369138240814,0.1244656404585236,1
2,,5,232.95,0.0007244102889671922,0.136062505945586,1
2.0,3.0,5.0,209.31,0.0014772729482501745,0.11625850218797565,1
5.0,2.0,4.0,241.82,0.0031564522068947554,0.10871949914383562,1
4.0,2.0,5.0,234.31,0.002533096820116043,0.1296278955003805,1
6.0,1.0,4.0,198.54,0.0025864189956337214,0.11085619411149163,1
1.0,2.0,4.0,210.82,0.0030397502705454826,0.11450455431887367,1
5.0,1.0,4.0,204.26,0.0017452624160796404,0.1374240451388889,1
3.0,2.0,6.0,209.72,0.0008711031987331808,0.1378818552606545,1
3.0,1.0,4.0,231.39,0.002970329253003001,0.11607047303082192,1
3.0,2.0,5.0,157.94,0.0015936195850372314,0.08708276850266362,1
3.0,3.0,4.0,161.9,0.0011869973968714476,0.09326171875,1
1.0,2.0,4.0,155.8,0.0012106519425287843,0.0971374976217656,1
4.0,2.0,4.0,155.28,0.012617303989827633,0.0714154062024353,1
2.0,2.0,4.0,125.93,0.009183129295706749,0.08030405726788432,1
6.0,2.0,4.0,125.94,0.012654854916036129,0.08473797802511415,1
4.0,2.0,3.0,120.74,0.008979183621704578,0.1071320276826484,1
5.0,2.0,5.0,131.19,0.011494112201035023,0.09870415953196347,1
2.0,3.0,4.0,128.82,0.007119030691683292,0.1064222733542618,1
2.0,1.0,6.0,242.78,0.015066692605614662,0.07265729047754947,1
2.0,2.0,4.0,152.63,0.015559453517198563,0.06495181102549467,1
6.0,2.0,4.0,127.06,0.011782284826040268,0.10043060906582953,1
3,,3,116.14,0.004429656080901623,0.0958941269501522,1
4.0,3.0,5.0,119.85,0.0088296327739954,0.102287118293379,1
2.0,2.0,4.0,154.36,0.011902560479938984,0.0713195336282344,1
3.0,3.0,6.0,152.18,0.012574780732393265,0.10003522759703197,1
1.0,2.0,5.0,142.5,0.005419177934527397,0.10644308290525115,1
1.0,3.0,5.0,153.24,0.014256895519793034,0.03913681982496195,1
4.0,2.0,5.0,128.25,0.007480026222765446,0.08205874833523592,1
4.0,2.0,5.0,115.6,0.003420226275920868,0.09523119411149163,1
3.0,2.0,5.0,130.63,0.012014394626021385,0.07945904085806697,1
4.0,1.0,6.0,149.71,0.006275070831179619,0.10373932767313547,1
4.0,2.0,5.0,123.36,0.012857027351856232,0.09408072322108067,1
3.0,2.0,4.0,113.0,0.005780881270766258,0.10519971223363775,1
3.0,2.0,5.0,127.34,0.004666435997933149,0.10814500689687975,1
4.0,3.0,4.0,120.26,0.003942525014281273,0.07999340039954338,1
1.0,2.0,6.0,139.15,0.00881228782236576,0.1095124916761796,1
3.0,3.0,4.0,116.51,0.005909615661948919,0.09137548159246575,1
4.0,2.0,5.0,121.58,0.0059289513155817986,0.10889489393074582,1
4.0,3.0,5.0,136.05,0.00960141234099865,0.09344603191590563,1
4.0,2.0,5.0,125.02,0.005303510930389166,0.11129691067351598,1
1,,3,120.5,0.006139923818409443,0.1256480688736682,1
3.0,1.0,3.0,123.8,0.012757854536175728,0.07883178153538813,1
4.0,2.0,4.0,122.6,0.010329173877835274,0.08470081811263318,1
4.0,1.0,4.0,114.63,0.007808805909007788,0.11420876141552512,1
4.0,2.0,4.0,118.17,0.009771411307156086,0.11061539787861492,1
3.0,1.0,4.0,122.29,0.006832681130617857,0.1027337804414003,1
1,,4,136.28,0.008262683637440205,0.1042023401826484,1
1.0,1.0,4.0,148.03,0.005916140973567963,0.09710479689878235,1
3.0,1.0,4.0,125.65,0.011165640316903591,0.11910941067351598,1
4.0,3.0,4.0,136.56,0.010021323338150978,0.0929451162956621,1
3.0,2.0,4.0,150.62,0.006522553041577339,0.09798548682458143,1
4.0,2.0,4.0,121.6,0.011446865275502205,0.10306004447298325,1
5.0,2.0,3.0,133.0,0.011611741036176682,0.09953877116628615,1
5.0,1.0,4.0,136.27,0.009214931167662144,0.10749322203196347,1
1.0,2.0,4.0,132.19,0.005015757866203785,0.06543414668949772,1
3.0,3.0,5.0,135.41,0.0049936543218791485,0.0902019715563166,1
3.0,3.0,5.0,128.53,0.004392093047499657,0.0845871087804414,1
3.0,1.0,5.0,117.37,0.004197085741907358,0.10074498192541857,1
1,,2,145.87,0.004528519697487354,0.05481161410768645,1
4.0,2.0,5.0,122.99,0.005441101733595133,0.10394593678652968,1
2.0,2.0,5.0,127.44,0.004614289849996567,0.1098253781392694,1
1.0,1.0,5.0,114.71,0.002314956858754158,0.06228298611111111,1
0,,4,187.33,0.001548399799503386,0.013865106544901066,0
1.0,1.0,3.0,134.92,0.0020459105726331472,0.0621492104261796,0
4.0,1.0,4.0,110.71,0.002947371918708086,0.1362371575342466,0
4.0,3.0,4.0,112.84,0.0028130298014730215,0.0936392634608067,0
3.0,3.0,4.0,112.02,0.0015534973936155438,0.11596791167237443,0
3.0,2.0,3.0,113.46,0.00249946559779346,0.116935555793379,0
3.0,3.0,5.0,112.58,0.0017565599409863353,0.10934229927701675,0
1,,3,148.4,0.00016330565267708153,0.08630092394406393,0
1.0,1.0,5.0,129.41,0.0033756245393306017,0.0862043081716134,0
4.0,1.0,4.0,129.3,0.0031091603450477123,0.14334287599885845,0
5.0,2.0,5.0,131.71,0.0026348175015300512,0.10563522640791477,0
4.0,2.0,4.0,126.28,0.0029202254954725504,0.1118699165239726,0
5.0,1.0,4.0,148.68,0.002821760019287467,0.1293447369672755,0
2.0,1.0,5.0,131.11,0.0025894546415656805,0.1273224945300609,0
3.0,2.0,5.0,133.37,0.0027163263875991106,0.10767827839611872,0
5.0,3.0,5.0,130.66,0.002684567356482148,0.08845842846270928,0
0,,3,217.34,4.7689307393739e-05,0.1273009417808219,0
3.0,2.0,3.0,133.57,0.003912628162652254,0.10785887557077625,0
3.0,2.0,3.0,134.78,0.0041068848222494125,0.10191254637557078,0
3.0,2.0,4.0,129.18,0.003816253738477826,0.10235772212709285,0
3.0,2.0,4.0,140.47,0.00267367297783494,0.11690285507039574,0
4.0,2.0,4.0,125.21,0.002567791612818837,0.0928232317827245,0
4.0,2.0,5.0,121.22,0.002446989994496107,0.12345340444254185,0
2,,5,182.13,0.0014523176942020655,0.1637607615106545,0
2,,1,130.97,0.0018209799891337752,0.1546446917808219,0
0,,4,171.64,0.004287613555788994,0.021881242865296805,0
1,,7,135.16,0.0012603984214365482,0.10020541999619482,0
2,,5,136.13,0.0008287239470519125,0.1641955324866819,0
1,,3,188.2,0.0003040036535821855,0.10242015078006088,0
5.0,1.0,5.0,202.67,0.0027232379652559757,0.0998078089326484,0
5.0,2.0,4.0,197.3,0.001944833667948842,0.09791636938736682,0
3.0,2.0,5.0,176.57,0.0018806051230058074,0.10441786767503805,0
2.0,2.0,4.0,178.26,0.002166715217754245,0.119308587804414,0
3.0,3.0,4.0,182.94,0.001940945745445788,0.09960788860350075,0
5.0,2.0,5.0,166.03,0.0016189351445063949,0.11890131516362253,0
4.0,2.0,4.0,178.77,0.0020119112450629473,0.105804675608828,0
4.0,2.0,4.0,205.13,0.002542737405747175,0.11487392384893455,0
3.0,3.0,4.0,148.69,0.001276317867450416,0.1029664014935312,0
1,,3,214.15,0.001865339814685285,0.15963155203576865,0
3.0,1.0,5.0,117.85,0.00395059073343873,0.06469094843987823,0
3.0,4.0,5.0,133.73,0.0030375898350030184,0.08476770595509893,0
4.0,3.0,4.0,123.72,0.0028776335529983044,0.07378695181697108,0
6.0,2.0,4.0,117.03,0.004223375115543604,0.10101401969178082,0
4.0,2.0,4.0,117.37,0.0035331163089722395,0.12076674277016743,0
4.0,3.0,4.0,120.41,0.004148962441831827,0.09279499024923897,0
3.0,3.0,4.0,136.97,0.0021896958351135254,0.09127737942351598,0
4.0,3.0,5.0,124.86,0.003797692945227027,0.09790299181887367,0
3.0,2.0,6.0,143.33,0.0025801598094403744,0.07521240605974125,0
5.0,4.0,6.0,119.52,0.0022129942663013935,0.0726164145738204,0
3.0,2.0,4.0,130.3,0.003563746577128768,0.1135978524543379,0
3.0,2.0,4.0,147.72,0.0021393117494881153,0.1228142539478691,0
4.0,2.0,6.0,116.81,0.00284009100869298,0.1117710711567732,0
3.0,2.0,6.0,153.8,0.0031151503790169954,0.08051809836377473,0
3.0,1.0,5.0,152.34,0.001237044925801456,0.137931649543379,0
4.0,2.0,4.0,120.08,0.004592497833073139,0.0835652111872146,0
5.0,2.0,5.0,126.1,0.0034319644328206778,0.1028058706716134,0
1.0,1.0,4.0,163.02,0.0053683090955019,0.0576134715087519,0
2.0,2.0,5.0,153.55,0.003031423082575202,0.04141397926179604,0
3.0,1.0,4.0,219.12,0.002609554212540388,0.05241851574391172,0
4.0,2.0,5.0,228.96,0.002934032119810581,0.07962923325722983,0
2.0,1.0,5.0,200.88,0.0006074926350265741,0.08823918497907153,0
0,,3,222.94,0.0017996926326304674,0.01075779466324201,0
2.0,3.0,4.0,223.9,0.004024703521281481,0.08280417617960426,0
4,,2,238.82,0.0017203518655151129,0.12911360231164384,0
1,,4,255.6,0.0011655890848487616,0.12137839492960426,0
2.0,2.0,4.0,219.9,0.00329775782302022,0.0841828089326484,0
5.0,2.0,6.0,119.71,0.0031838396098464727,0.06660394073439878,0
5.0,1.0,5.0,126.83,0.0044302744790911674,0.09834816757039574,0
2.0,1.0,4.0,140.5,0.00249615334905684,0.0895457275019026,0
2.0,2.0,5.0,124.7,0.0060782721266150475,0.07201665358637747,0
3.0,3.0,5.0,122.87,0.0037708913441747427,0.08716303391362253,0
0,,4,163.03,0.0032260529696941376,0.1223103655346271,0
3.0,1.0,4.0,127.23,0.0047858343459665775,0.08568332619863013,0
4.0,1.0,5.0,118.68,0.0028945899102836847,0.09980186334665145,0
5.0,2.0,4.0,140.13,0.002996969036757946,0.11060127711187215,0
3.0,2.0,5.0,120.59,0.003335620043799281,0.08765874714611872,0
1.0,1.0,4.0,177.24,0.00112094113137573,0.14132880874238965,0
1.0,2.0,5.0,225.07,0.0010591978207230568,0.07380404537671233,0
0,,3,222.77,0.0006549030658788979,0.18015571489726026,0
1,,5,187.34,0.000538183085154742,0.1398052523306697,0
3.0,1.0,4.0,231.45,0.0016829303931444883,0.12364143359969558,0
3.0,2.0,4.0,241.95,0.0019531939178705215,0.1363761356069254,0
3.0,2.0,5.0,221.61,0.0014431111048907042,0.11314821751331812,0
3.0,2.0,4.0,224.96,0.002103053731843829,0.09314206383181127,0
4.0,1.0,5.0,204.92,0.0021435273811221123,0.12175296684741248,0
4.0,2.0,4.0,221.36,0.0017945610452443361,0.11079971104452055,0
5.0,2.0,5.0,203.86,0.001716905739158392,0.11643092418188737,0
3.0,2.0,4.0,228.21,0.0018516599666327238,0.1286818041286149,0
1.0,2.0,5.0,198.77,0.0012430039932951331,0.08366257015791477,0
1,,3,242.13,0.0006835886160843074,0.1484308112157534,0
5.0,2.0,5.0,217.2,0.0016709927003830671,0.13052567898592085,0
3.0,1.0,5.0,217.83,0.0014642232563346624,0.14045183480783865,0
6,,4,228.79,0.001935069914907217,0.10974436953006088,0
6.0,2.0,5.0,204.19,0.0016232855850830674,0.1181603465087519,0
3.0,2.0,4.0,213.1,0.0015243113739416003,0.11935540929414003,0
5.0,3.0,4.0,215.08,0.0016443234635517001,0.1074144430175038,0
2.0,2.0,4.0,206.62,0.0011705379001796246,0.1125529157153729,0
3.0,1.0,3.0,235.57,0.0026213903911411762,0.07229460973173515,0
3,,4,229.93,0.0009958370355889201,0.11538524424467275,0
3.0,2.0,5.0,223.5,0.0020564422011375427,0.0870396630041857,0
3.0,2.0,3.0,216.48,0.001642816816456616,0.11975376355593607,0
0.0,2.0,4.0,207.39,0.0010260058334097266,0.13387081430745815,0
5.0,2.0,4.0,249.52,0.0026204073801636696,0.12954837328767124,0
5.0,3.0,4.0,234.96,0.0018283050740137696,0.10851363322869102,0
4.0,3.0,4.0,212.86,0.0015777216758579016,0.10044621622907153,0
3.0,1.0,5.0,228.84,0.0020282617770135403,0.10606851098744292,0
3.0,3.0,4.0,215.38,0.001318049617111683,0.11433361872146118,0
2.0,2.0,4.0,220.43,0.0011810545111075044,0.08503674372146118,0
1.0,2.0,4.0,263.33,0.0034695505164563656,0.029489363346651445,0
4.0,2.0,4.0,224.13,0.0032716926652938128,0.09455191091133942,0
1.0,1.0,4.0,215.85,0.0015718134818598628,0.058035608114535765,0
2.0,2.0,5.0,237.06,0.003543931059539318,0.05141148211567732,0
4.0,2.0,4.0,215.29,0.004329849034547806,0.085921892836758,0
3.0,1.0,5.0,227.64,0.002718627918511629,0.12266858709094368,0
2.0,2.0,5.0,222.11,0.0021755597554147243,0.08347602739726027,0
2.0,2.0,5.0,241.01,0.00504424050450325,0.07490100599315068,0
3.0,1.0,4.0,207.0,0.004019816871732473,0.0888404323630137,0
5.0,2.0,5.0,214.75,0.007474514655768871,0.0912662314497717,0
5.0,2.0,5.0,184.51,0.004507921636104584,0.07688757491438356,0
2.0,2.0,3.0,194.08,0.005064863245934248,0.08062809170471842,0
4.0,2.0,4.0,203.65,0.00539120938628912,0.08141067946156773,0
5.0,2.0,4.0,199.75,0.005333223845809698,0.0839122847697869,0
6.0,2.0,5.0,195.12,0.004810503218322992,0.08782076436453577,0
5.0,2.0,5.0,194.96,0.004014306701719761,0.09627018526445967,0
4.0,2.0,4.0,184.06,0.003996183630079031,0.09621221580098935,0
3.0,2.0,5.0,189.54,0.006459697615355253,0.0758820276826484,0
2.0,2.0,5.0,191.62,0.004064057022333145,0.052168801132039574,0
2.0,2.0,5.0,196.11,0.005650537554174662,0.0442619149543379,0
7.0,2.0,6.0,202.91,0.005994043312966824,0.09538503614916286,0
5.0,2.0,5.0,202.03,0.0058884210884571075,0.12049621860730593,0
3.0,1.0,5.0,202.08,0.007837025448679924,0.09422861967275495,0
4,,4,194.46,0.006293854210525751,0.13036068897450534,0
2,,3,192.32,0.005784642416983843,0.1280062369197108,0
7.0,2.0,4.0,199.42,0.00755627965554595,0.11170344011605784,0
0,,5,259.05,0.00022758165141567588,0.1049953327149924,0
2.0,1.0,5.0,214.66,0.0049345181323587894,0.0486832013413242,0
6.0,2.0,4.0,186.93,0.00614527240395546,0.09632592513318113,0
6.0,1.0,4.0,188.57,0.006368192844092846,0.08390485278729072,0
1.0,3.0,5.0,199.6,0.0028756887186318636,0.1252170138888889,0
2,,5,200.3,0.007725885603576899,0.05966023948820396,0
4.0,1.0,5.0,206.73,0.006117044948041439,0.05266600076103501,0
2.0,2.0,5.0,196.32,0.004252023529261351,0.05240811096841705,0
3.0,2.0,6.0,130.23,0.009324933402240276,0.0813943291000761,0
2.0,1.0,5.0,163.98,0.004511694423854351,0.14464793212519025,0
1.0,2.0,5.0,129.63,0.00648547662422061,0.06078767123287671,0
1.0,1.0,4.0,145.42,0.006978020537644625,0.10336029656582953,0
7.0,2.0,5.0,140.87,0.009626522660255432,0.09331820181697108,0
5.0,2.0,4.0,127.35,0.008806345984339714,0.09357534841133942,0
0.0,1.0,6.0,124.94,0.0021146934013813734,0.1335831965848554,0
1.0,1.0,4.0,114.57,0.0014133622171357274,0.058270458761415525,0
6.0,3.0,5.0,107.7,0.0008853446925058961,0.10081781535388128,0
4.0,3.0,5.0,108.9,0.0011001284001395106,0.11561637890030442,0
3.0,3.0,4.0,114.08,0.0010352546814829111,0.10844600218797565,0
1.0,2.0,4.0,106.73,0.0008010881720110774,0.059367419377853885,0
2.0,1.0,4.0,183.11,0.005839897785335779,0.08082503924086758,0
4.0,2.0,5.0,168.36,0.007909157313406467,0.09224948273401827,0
3.0,2.0,5.0,173.97,0.008277332410216331,0.0851177523306697,0
4.0,2.0,5.0,167.2,0.008346178568899632,0.08007886819824962,0
2.0,2.0,4.0,170.54,0.008078326471149921,0.09692642931887367,0
4.0,3.0,4.0,181.4,0.010357675142586231,0.0996324141457382,0
0,,3,364.17,0.0001400787732563913,0.10315443065068493,0
1.0,1.0,4.0,217.21,0.0020671130623668432,0.057406119197108064,0
0,,4,155.07,0.0024948574136942625,0.06814756349885845,0
4.0,2.0,4.0,144.89,0.005041356198489666,0.09530105474695585,0
3.0,2.0,4.0,145.9,0.0027523101307451725,0.1107982246480213,0
4.0,2.0,5.0,124.83,0.002803755458444357,0.10777712376331812,0
6.0,1.0,4.0,131.55,0.002562453504651785,0.12870632967085235,0
6.0,2.0,5.0,144.38,0.00331444526091218,0.11105611444063927,0
5.0,2.0,5.0,159.97,0.00308612990193069,0.1323896201959665,0
6.0,2.0,4.0,137.81,0.003762111533433199,0.11555766623858447,0
3,,4,137.06,0.0019809496589004993,0.1391720474219939,0
5.0,3.0,6.0,140.4,0.004651700146496296,0.1264083606830289,0
3.0,1.0,5.0,147.37,0.004037145990878344,0.12944952792047185,0
6.0,2.0,5.0,144.1,0.003016712609678507,0.1030384917237443,0
4.0,2.0,4.0,132.85,0.003991859499365091,0.10736687832952815,0
2,,5,149.99,0.0016528621781617403,0.1567159853025114,0
5.0,2.0,4.0,123.72,0.0028126754332333803,0.13145616319444445,0
3,,5,124.5,0.0022503496147692204,0.11830304057267885,0
4.0,2.0,5.0,144.38,0.0036232497077435255,0.1008527456716134,0
4.0,2.0,5.0,132.67,0.0029764508362859488,0.12374994054414003,0
5.0,1.0,5.0,142.89,0.0032328609377145767,0.132591770119863,0
4.0,2.0,6.0,136.58,0.0031429084483534098,0.14476164145738205,0
6.0,2.0,5.0,150.98,0.002921055303886533,0.1284528990677321,0
6.0,2.0,5.0,146.28,0.0031443636398762465,0.11534362514269407,0
4.0,1.0,4.0,159.33,0.002668144414201379,0.14991869411149164,0
6.0,2.0,5.0,141.18,0.0030038277618587017,0.10925608828006088,0
3.0,1.0,5.0,139.84,0.0019978710915893316,0.1334605688736682,0
3.0,1.0,4.0,131.57,0.0033382491674274206,0.12409775732496195,0
4.0,2.0,5.0,143.21,0.0027850791811943054,0.12433037837709285,0
3.0,1.0,4.0,133.37,0.0035600822884589434,0.12475474457762557,0
8.0,2.0,4.0,148.71,0.003249571891501546,0.11304639935312025,0
5.0,2.0,5.0,128.17,0.0033600686583667994,0.1307746503995434,0
5.0,2.0,4.0,121.09,0.0028053056448698044,0.12062776469748858,0
3.0,2.0,4.0,131.29,0.003257773583754897,0.13484366081621005,0
4.0,1.0,4.0,146.67,0.0022537591867148876,0.1417122990391933,0
1.0,1.0,4.0,131.83,0.0018620595801621675,0.06056545495624049,0
2.0,1.0,4.0,162.63,0.0025143958628177643,0.1506277052416286,0
2,,6,170.09,0.0008868444710969925,0.06358952863394216,0
6.0,2.0,5.0,140.27,0.00408676452934742,0.10028345581240487,0
3,,3,125.45,0.003171420656144619,0.1076507800608828,0
4.0,2.0,4.0,118.82,0.0038900156505405903,0.08791069135273973,0
5.0,2.0,4.0,135.2,0.0023605693131685257,0.1289627330669711,0
3.0,2.0,4.0,128.45,0.0026848705019801855,0.1037333820871385,0
3.0,3.0,7.0,134.26,0.003232307033613324,0.1300857056221461,0
3.0,1.0,4.0,119.64,0.002143376972526312,0.1313811001712329,0
3,,5,149.81,0.003583442885428667,0.10221354166666667,0
2.0,2.0,6.0,251.46,0.0039475178346037865,0.10189991200532725,0
4.0,2.0,4.0,261.85,0.0030321667436510324,0.11622134227549467,0
1.0,1.0,4.0,213.27,0.0011679035378620028,0.10636430389079148,0
6.0,2.0,6.0,247.6,0.002292057266458869,0.0948031119197108,0
3.0,3.0,5.0,243.33,0.0036032842472195625,0.0998078089326484,0
4.0,2.0,4.0,245.88,0.0028745392337441444,0.1328362823439878,0
4.0,2.0,5.0,233.89,0.003588531631976366,0.09123055793378995,0
4.0,3.0,4.0,233.4,0.0019904610235244036,0.1068191412195586,0
4.0,3.0,5.0,245.95,0.003753585973754525,0.08982591324200913,0
4.0,2.0,5.0,244.85,0.0025160990189760923,0.10065579813546423,0
3.0,3.0,6.0,244.48,0.00389825995080173,0.09441293283866058,0
1.0,2.0,6.0,232.73,0.0037977576721459627,0.045773580194063926,0
3.0,1.0,4.0,236.82,0.0035745499189943075,0.13486967275494674,0
0.0,1.0,2.0,255.57,1.741075175232254e-05,0.0947154145262557,0
1.0,2.0,6.0,241.35,0.0044831098057329655,0.1134031345129376,0
2,,3,249.75,0.003909820690751076,0.09558941566780822,0
2.0,1.0,5.0,221.25,0.0018491267692297697,0.11776124904870625,0
1,,3,259.27,0.00220079580321908,0.1153636914954338,0
3.0,2.0,4.0,240.15,0.0034437861759215593,0.1287732175133181,0
2.0,2.0,5.0,234.85,0.002619227860122919,0.1203616997241248,0
3,,5,242.85,0.0037818176206201315,0.12291384251331812,0
3.0,2.0,5.0,227.76,0.0023695670533925295,0.10242906915905632,0
2.0,2.0,5.0,219.45,0.001767104840837419,0.1257283342846271,0
3.0,3.0,5.0,237.11,0.003882552497088909,0.10753707072869102,0
4.0,2.0,3.0,237.18,0.002933878218755126,0.10811825175989345,0
3.0,1.0,4.0,258.88,0.005590877030044794,0.11200517860540335,0
4.0,1.0,4.0,265.67,0.004461363889276981,0.06846342275494673,0
2.0,1.0,5.0,237.24,0.001630782731808722,0.14890943088850836,0
1.0,3.0,4.0,216.71,0.0019834365230053663,0.09966214207572298,0
1,,2,213.35,0.0002465715806465596,0.17565267670281584,0
5.0,2.0,5.0,248.11,0.004040523432195187,0.09475406083523592,0
3.0,3.0,4.0,247.16,0.002870033262297511,0.1074293069824962,0
2,,5,209.82,0.0014274473069235682,0.1466746337519026,0
3.0,2.0,4.0,245.46,0.0036149751394987106,0.11428754042998478,0
4.0,3.0,5.0,231.53,0.002884435001760721,0.09914561929223745,0
3.0,1.0,5.0,282.56,0.0033876383677124977,0.13301613632039574,0
4.0,2.0,6.0,233.88,0.0028424488846212626,0.06311239535768645,0
4.0,2.0,5.0,237.73,0.0035278829745948315,0.061930710140791476,0
3.0,3.0,4.0,234.22,0.002262537134811282,0.08457819040144597,0
4.0,2.0,5.0,217.2,0.0015796140069141984,0.08489107686453577,0
1.0,2.0,4.0,227.56,0.002033665543422103,0.09490047089041095,0
3.0,3.0,5.0,239.2,0.0026428645942360163,0.07323921470700152,0
6.0,3.0,6.0,211.28,0.0013654656941071153,0.08968990796232877,0
3.0,3.0,5.0,228.22,0.0019303656881675124,0.0948870933219178,0
2.0,1.0,4.0,237.62,0.001363381277769804,0.10955634037290715,0
1.0,2.0,4.0,235.56,0.0018825767328962684,0.08621099695585997,0
2.0,2.0,6.0,206.57,0.0006652917363680899,0.1376143038907915,0
4.0,2.0,5.0,247.32,0.0011647272622212768,0.1230617389649924,0
3.0,3.0,4.0,222.17,0.0017886161804199219,0.10533200152207002,0
2.0,2.0,4.0,233.48,0.0018615929875522852,0.12488703386605784,0
6.0,3.0,5.0,211.6,0.001253488240763545,0.09665441875951294,0
2.0,2.0,5.0,206.0,0.0006228511920198798,0.11656247027207002,0
1,,4,222.37,0.0011005769483745098,0.09411119434931507,0
1,,5,247.53,0.0016744120512157679,0.0870931732781583,0
1.0,2.0,4.0,224.08,0.002150030340999365,0.058928189212328765,0
1,,6,239.45,0.0006666757981292903,0.0871162124238965,0
1.0,1.0,4.0,170.7,0.0016780380392447114,0.0520744149543379,0
4.0,3.0,4.0,176.35,0.0019395974231883883,0.0980642658390411,0
2.0,2.0,3.0,219.58,0.0019061374478042126,0.0983466811738965,0
4.0,2.0,5.0,186.7,0.0021110326051712036,0.11666949082001522,0
2.0,1.0,4.0,214.55,0.0009247667039744556,0.13412647450532725,0
1.0,1.0,4.0,196.29,0.0010452669812366366,0.17089992389649925,0
4.0,2.0,5.0,183.52,0.0023539597168564796,0.10275533319063927,0
2.0,1.0,7.0,207.99,0.0020690576639026403,0.11802805722031963,0
1.0,1.0,4.0,241.23,0.001437660539522767,0.06875401327054795,0
0.0,2.0,4.0,222.14,0.0016274861991405487,0.07152094035388128,0
2.0,3.0,5.0,196.95,0.0015458475099876523,0.06262039811643835,0
2,,4,136.41,0.0038523843977600336,0.0655560312024353,0
3.0,1.0,3.0,130.86,0.0032847083639353514,0.12446861325152207,0
5.0,1.0,4.0,124.71,0.0025812466628849506,0.12062330550799087,0
5.0,1.0,3.0,125.09,0.0029615398962050676,0.11348191352739725,0
3.0,1.0,4.0,130.8,0.001642662100493908,0.1374285043283866,0
1.0,1.0,5.0,135.32,0.0007606519502587616,0.08012940567922375,0
1,,3,166.36,0.0008520960109308362,0.0905230332001522,0
1,,6,243.77,0.0003751938056666404,0.17952102359208524,0
4.0,1.0,3.0,121.27,0.001825392828322947,0.1392931887366819,0
3.0,1.0,3.0,123.18,0.00162209733389318,0.12728607781582954,0
0,,5,142.94,0.0003626040415838361,0.08043486015981735,0
2.0,1.0,5.0,124.96,0.001141719170846045,0.0707019358828006,0
3.0,1.0,6.0,167.54,0.0012736646458506584,0.15309809622336376,0
3.0,1.0,3.0,144.73,0.00238018692471087,0.10482885630707763,0
3.0,1.0,4.0,144.88,0.0011055894428864121,0.15130401564878235,0
1.0,1.0,4.0,128.09,0.0020369377452880144,0.06139412100456621,0
1.0,1.0,5.0,132.65,0.004777873400598764,0.0720099648021309,0
4.0,2.0,4.0,114.4,0.002322704531252384,0.11040953196347032,0
1.0,1.0,3.0,125.1,0.0018484643660485744,0.07378918141171995,0
2,,6,117.16,0.001944960211403668,0.08799615915144597,0
4.0,1.0,4.0,135.69,0.0025537677574902773,0.12497770405251142,0
4.0,1.0,3.0,112.71,0.001463547465391457,0.11934797731164383,0
4.0,1.0,4.0,139.71,0.0017772117862477899,0.0822980581716134,0
2.0,1.0,4.0,123.08,0.004929870367050171,0.11032926655251142,0
3.0,2.0,3.0,148.19,0.002894402015954256,0.10566049514840183,0
4.0,3.0,5.0,118.79,0.0038848351687192917,0.08927668973554033,0
4.0,2.0,3.0,125.1,0.0024273472372442484,0.108314456097793,0
3.0,2.0,4.0,129.54,0.004855571314692497,0.1073609327435312,0
6.0,2.0,4.0,120.67,0.0031519755721092224,0.08859814973363775,0
5.0,2.0,5.0,122.07,0.003086524084210396,0.09085004042998478,0
3.0,2.0,6.0,114.16,0.0020471513271331787,0.09381019905821918,0
2.0,1.0,4.0,142.35,0.002303160959854722,0.11977903229642313,0
3.0,1.0,4.0,121.2,0.0025529915001243353,0.14206829100076104,0
3.0,1.0,4.0,115.59,0.0018555939896032214,0.1346481996765601,0
2.0,1.0,5.0,161.1,0.004209749400615692,0.13374447060502284,0
2,,6,158.1,0.0015396276721730828,0.1260598007039574,0
3.0,1.0,4.0,122.63,0.004072096198797226,0.10916690449010655,0
4.0,3.0,5.0,112.81,0.002510049846023321,0.09737978025114155,0
3.0,2.0,4.0,122.46,0.0028305472806096077,0.10672995742960426,0
4.0,2.0,5.0,138.92,0.002813715487718582,0.1042595664478691,0
3,,5,133.98,0.00261915335431695,0.12646633014649925,0
3.0,2.0,4.0,132.59,0.0033914081286638975,0.10693285055175038,0
4.0,3.0,6.0,137.22,0.003058642614632845,0.09921547992770167,0
2,,4,137.98,0.001649227342568338,0.13196376759893455,0
1,,4,156.56,0.001088907360099256,0.0437699177130898,0
2.0,2.0,5.0,136.15,0.005970380734652281,0.05934735302511415,0
3.0,2.0,5.0,122.36,0.0031582347583025694,0.07483560454718417,0
3.0,1.0,5.0,125.0,0.003867686027660966,0.0484468642979452,0
4.0,3.0,5.0,124.99,0.004625236615538597,0.0896832191780822,0
2.0,2.0,5.0,140.18,0.0023019269574433565,0.0650521427891933,0
1.0,1.0,4.0,139.18,0.003311594482511282,0.07642233281012177,0
3.0,2.0,4.0,126.3,0.006265050731599331,0.09451177820585997,0
4.0,3.0,5.0,113.16,0.0030851117335259914,0.0920792903348554,0
4.0,1.0,4.0,117.88,0.003495330223813653,0.11872592037671233,0
2.0,1.0,4.0,147.07,0.0030548437498509884,0.10129420543188737,0
3.0,2.0,5.0,131.12,0.005375950131565332,0.08974341823630137,0
0,,2,126.57,0.0012152743292972445,0.018996147260273974,0
2.0,2.0,5.0,233.26,0.0018992790719494224,0.0738679604261796,0
0,,3,246.68,0.00148512062150985,0.09090132110920852,0
2,,3,271.2,0.0018187056994065642,0.05209522450532725,0
3.0,2.0,4.0,235.57,0.0023605264723300934,0.10621417784436835,0
4.0,3.0,4.0,224.51,0.002260506385937333,0.09334347055745815,0
3.0,2.0,4.0,204.21,0.0014627943746745586,0.09072592632229833,0
3.0,3.0,5.0,211.04,0.0017076954245567322,0.09105367675038052,0
4.0,3.0,4.0,208.73,0.0008221121970564127,0.1123656297564688,0
3.0,2.0,4.0,229.15,0.0018130172975361347,0.06989482258371385,0
3.0,4.0,4.0,217.81,0.00166075408924371,0.08008035459474885,0
2.0,2.0,4.0,219.35,0.0017707288498058915,0.09518139982876712,0
3.0,2.0,4.0,228.37,0.0015419293195009232,0.11399546351788432,0
2.0,3.0,5.0,231.69,0.001672291662544012,0.08855504423515982,0
4.0,3.0,5.0,221.67,0.0021506904158741236,0.0929755874238965,0
3.0,3.0,4.0,220.47,0.0016711443895474076,0.10308902920471842,0
4.0,3.0,5.0,202.62,0.0015051219379529357,0.10250190258751903,0
0,,5,250.6,0.002860840642824769,0.11917778491248097,0
2.0,2.0,4.0,226.99,0.0013668887550011277,0.09061890577435312,0
4.0,3.0,5.0,237.14,0.0021581389009952545,0.11854309360730593,0
2.0,3.0,5.0,228.22,0.0020577777177095413,0.08864125523211568,0
5.0,3.0,5.0,244.09,0.0024777203798294067,0.099509786434551,0
1.0,2.0,5.0,214.37,0.002214112551882863,0.07906960497526636,0
2.0,3.0,5.0,244.69,0.002543083857744932,0.0717275494672755,0
3.0,2.0,5.0,225.57,0.002731866203248501,0.08101901398401827,0
5.0,2.0,5.0,256.57,0.0025218648370355368,0.10086909603310502,0
4.0,3.0,5.0,247.23,0.0034338461700826883,0.07316861087328767,0
3.0,2.0,4.0,234.39,0.002202521311119199,0.1068875154585236,0
3.0,2.0,6.0,265.83,0.0016490465495735407,0.15473015957952815,0
4.0,3.0,5.0,259.77,0.003744858782738447,0.08533327982305935,0
5.0,2.0,5.0,228.11,0.00285475910641253,0.07805439616628615,0
2,,3,194.4,0.0011130026541650295,0.18227605950342465,0
1.0,2.0,6.0,261.53,0.0010085974354296923,0.08875496456430745,0
4.0,3.0,4.0,219.15,0.002192272339016199,0.08559934479642313,0
2.0,3.0,6.0,217.36,0.0011137828696519136,0.09130636415525115,0
0,,4,246.47,0.001094563165679574,0.0790599433980213,0
3.0,2.0,4.0,203.24,0.0015960418386384845,0.06338068992579908,0
0.0,2.0,4.0,225.34,0.001596839283592999,0.09253041167237443,0
3.0,1.0,4.0,158.35,0.0026380768977105618,0.0697097662195586,0
4.0,2.0,4.0,206.82,0.0028492279816418886,0.1135673813261035,0
5.0,1.0,5.0,137.78,0.0022255307994782925,0.11761706858828005,0
5.0,1.0,4.0,175.66,0.003829917637631297,0.14205268383751904,0
2.0,1.0,4.0,152.02,0.002164139412343502,0.1414841371765601,0
3.0,1.0,4.0,132.02,0.004139984492212534,0.12248724671803653,0
1.0,1.0,5.0,146.16,0.00289173168130219,0.11778726098744292,0
3,,4,159.93,0.0018511972157284617,0.08478034032534247,0
1.0,2.0,5.0,181.46,0.0013460747431963682,0.03992683956430746,0
4.0,2.0,6.0,195.37,0.004956400953233242,0.0826949260369102,0
4.0,2.0,5.0,199.38,0.0021296439226716757,0.12314423397070015,0
3.0,1.0,6.0,206.02,0.004808423109352589,0.09868037718797565,0
2.0,2.0,4.0,238.29,0.005899099633097649,0.06728916952054795,0
2.0,2.0,4.0,236.95,0.0049867164343595505,0.05425718821347032,0
2.0,2.0,4.0,248.02,0.01133864838629961,0.0777586032629376,0
3.0,3.0,4.0,224.72,0.005769845098257065,0.09950012485730593,0
0.0,1.0,6.0,240.04,0.0037449602968990803,0.025729523401826482,0
1,,3,237.92,0.006048775743693113,0.049958529537671235,0
5.0,2.0,5.0,249.19,0.010251603089272976,0.11063546423135465,0
2.0,2.0,5.0,227.87,0.006399029865860939,0.1129534995719178,0
5.0,2.0,5.0,234.3,0.005726448725908995,0.10811081977739725,0
5.0,2.0,5.0,221.26,0.0055457488633692265,0.10054729119101978,0
0,,3,230.38,0.0022676694206893444,0.10672549824010655,0
1.0,1.0,5.0,231.62,0.005981953348964453,0.12876652872907154,0
1.0,1.0,5.0,129.57,0.0017181161092594266,0.1097607198915525,0
4.0,2.0,5.0,125.76,0.0026996044907718897,0.10255541286149163,0
2.0,2.0,5.0,137.88,0.001798000535927713,0.1044119220890411,0
5.0,2.0,5.0,165.96,0.0014503009151667356,0.09562211639079148,0
3,,4,155.26,0.0016549943247810006,0.1098558492675038,0
2,,4,120.96,0.0010987402638420463,0.1076277409151446,0
5.0,2.0,5.0,112.31,0.0038910137955099344,0.08232555650684932,0
2.0,1.0,6.0,137.89,0.006466198712587357,0.10981943255327245,0
2.0,2.0,6.0,110.28,0.0029853361193090677,0.061330205955098936,0
3.0,1.0,5.0,185.84,0.002183327218517661,0.05904041214802131,0
2,,6,111.11,0.0024216643068939447,0.05018000261605784,0
1.0,1.0,4.0,133.92,0.006322603672742844,0.0747300703957382,0
3.0,1.0,3.0,128.92,0.004486972466111183,0.1185378912195586,0
3,,5,124.0,0.004068588837981224,0.10580616200532725,0
4.0,2.0,4.0,132.55,0.005567720625549555,0.10407079409246575,0
1.0,1.0,4.0,114.33,0.0033293808810412884,0.06948606354642313,0
1.0,2.0,5.0,117.17,0.0028534377925097942,0.0652156464041096,0
3.0,2.0,5.0,142.21,0.0009556132135912776,0.12731803534056316,0
1.0,1.0,4.0,169.48,0.001285357167944312,0.08907453981164383,0
