pauses,rate_of_speech,articulation_rate,f0_mean_praat,f0mean_librosa,rms,zcr
0,,3,190.95,96.2519368628494,0.002189298626035452,0.011829789862575301
0,,3,171.85,90.47433854906737,0.008050226606428623,0.01706096690188172
0.0,2.0,4.0,118.45,140.58172442165667,0.010045279748737812,0.027637313308599695
,,,,182.4589890189584,0.01416275929659605,0.05499444087709285
1.0,4.0,4.0,112.03,86.31208868365988,0.018072206526994705,0.044742021023592086
2.0,4.0,4.0,114.56,182.71716336593025,0.015291419811546803,0.06993198249619482
2.0,3.0,4.0,119.92,117.96488546332068,0.014757776632905006,0.0710980605498478
2.0,4.0,4.0,117.35,134.18937001714377,0.01882171258330345,0.05268978310502283
2.0,4.0,4.0,114.25,88.50204693999105,0.012711886316537857,0.06250594558599695
3.0,3.0,5.0,119.82,88.08690827950123,0.014428253285586834,0.06547279299847793
2.0,5.0,5.0,115.31,97.20560060648334,0.013919680379331112,0.05684203172564688
0.0,4.0,5.0,111.0,145.63115330627798,0.0145954554900527,0.04299327554223744
2.0,3.0,4.0,116.96,202.92260677815094,0.011068741790950298,0.0728564676084475
4.0,2.0,5.0,141.43,141.49747496336786,0.008828999474644661,0.0822452910958904
1.0,4.0,4.0,116.0,92.79356082697738,0.01458108052611351,0.06701418616818873
2.0,5.0,5.0,110.01,150.89494928276665,0.01267415750771761,0.060944486063546424
2.0,3.0,4.0,103.38,167.08011905033075,0.007161716930568218,0.07916473435121765
1.0,2.0,3.0,113.79,238.53546465931137,0.015986714512109756,0.0732310395262557
1.0,4.0,4.0,114.12,100.74354228779045,0.013191173784434795,0.06269323154490107
0,,3,222.84,103.27031294976392,0.0035644052550196648,0.008298064803546593
0.0,3.0,4.0,220.65,103.9522910483093,0.00991086009889841,0.061938980687684365
0.0,2.0,4.0,203.24,93.50956901843607,0.011993383057415485,0.04266775470890411
,,,,83.60147075841421,0.024928182363510132,0.07012744363584475
1.0,4.0,4.0,190.72,95.61536170827733,0.024510839954018593,0.0705949153348554
2.0,3.0,4.0,191.78,88.11976393981085,0.024277228862047195,0.06832667427701675
,,,,83.41937079532019,0.023776903748512268,0.0663371325627854
1.0,3.0,3.0,186.24,86.69362069154968,0.0285074133425951,0.062058540239726026
0.0,2.0,4.0,186.05,88.18809357760628,0.010361195541918278,0.03996759041552667
0.0,2.0,4.0,216.12,97.28401367517867,0.016174091026186943,0.0379640529870624
2.0,4.0,4.0,181.47,85.03515085032215,0.025336528196930885,0.07354169639459665
1.0,4.0,4.0,177.83,83.91642285370109,0.02712000161409378,0.06566156535388128
,,,,81.4603744262438,0.01523417979478836,0.08635963660578387
1.0,2.0,4.0,204.93,93.1976237648078,0.018550783395767212,0.02801708761415525
0.0,3.0,4.0,193.51,86.8039822529876,0.020916149020195007,0.0501859482020548
2.0,1.0,5.0,271.45,150.123293823879,0.006841114256531,0.05054268336187215
4.0,3.0,5.0,237.07,108.75694234256666,0.012080617249011993,0.08233373168759513
2.0,2.0,4.0,220.24,105.31028040534044,0.008403032086789608,0.09413794948630137
2.0,4.0,5.0,263.59,121.34755867304914,0.01667342707514763,0.05280572203196347
2.0,3.0,5.0,234.65,110.7275983550223,0.012367313727736473,0.08566548944063927
2.0,3.0,4.0,246.94,113.00373529001942,0.014355762861669064,0.0827365451388889
1.0,3.0,4.0,216.49,103.19939928274225,0.01386839896440506,0.07029020405251142
2.0,4.0,4.0,230.66,106.88083860687486,0.014008953236043453,0.06766002544710807
3.0,4.0,5.0,243.12,110.95076389691647,0.016029631718993187,0.06191584617579909
3.0,3.0,4.0,242.56,109.82992719192933,0.01235588826239109,0.07087064188546423
2.0,4.0,5.0,235.75,108.54269061156629,0.014619279652833939,0.06540516195776255
1.0,2.0,6.0,239.98,109.45199909213875,0.015556751750409603,0.031914419235159815
2.0,2.0,4.0,215.85,97.85544960802225,0.01240425743162632,0.0965615189783105
1.0,2.0,5.0,242.73,111.33287219700262,0.014360692352056503,0.02975617151826484
3.0,2.0,4.0,245.59,113.76004702521182,0.010974129661917686,0.09027554818302892
1.0,5.0,5.0,225.59,107.84307501742673,0.012752356007695198,0.06231122764459665
3.0,2.0,4.0,206.82,98.26895592284215,0.005477440543472767,0.09375668878424658
4.0,3.0,6.0,249.65,112.57844227422899,0.011968296021223068,0.08665394311263318
3.0,2.0,4.0,232.91,105.87448174853458,0.008970647118985653,0.09548685430936073
2.0,3.0,5.0,241.85,109.40360947603975,0.01420736126601696,0.07773705051369863
3.0,2.0,4.0,225.47,104.79437118344705,0.01060809288173914,0.08947066447869102
2.0,4.0,4.0,209.71,100.42095138082185,0.012170053087174892,0.07209617579908675
2.0,3.0,4.0,233.29,107.91164372809882,0.01347997784614563,0.0880474398306697
1.0,3.0,4.0,220.46,103.16600771439312,0.011780481785535812,0.08903663670091325
2.0,3.0,5.0,241.97,111.16346530366819,0.019561054185032845,0.062007259560502286
2.0,4.0,5.0,243.27,114.8494170038035,0.01800983026623726,0.05983786386986301
2.0,1.0,4.0,240.67,115.51206844328216,0.009360844269394875,0.10373189569063927
1.0,2.0,4.0,232.96,106.85480530615342,0.008301475085318089,0.09052972198439878
3.0,2.0,3.0,198.96,94.3085421839041,0.006168999709188938,0.09745930246385083
1.0,4.0,4.0,253.45,117.36396338522036,0.016753891482949257,0.052700931078767124
1.0,3.0,4.0,243.4,112.97468170470556,0.014340878464281559,0.07956531820776255
1.0,3.0,5.0,227.29,108.43953777261194,0.008841532282531261,0.08981476526826485
2.0,2.0,4.0,240.54,127.71943392551206,0.008987916633486748,0.09613269358828005
4.0,4.0,5.0,238.7,110.15952543989248,0.01587546616792679,0.0646589909151446
1.0,2.0,6.0,229.61,105.0029671242786,0.009134593419730663,0.09385925014269407
1.0,5.0,6.0,240.75,110.24138582255759,0.015537056140601635,0.05485843559741248
1.0,2.0,4.0,237.09,110.02402877932681,0.008142606355249882,0.038970343417047186
1.0,4.0,4.0,225.04,104.71799326952268,0.015676716342568398,0.05903669615677321
2.0,3.0,4.0,208.52,97.91837593877027,0.010197976604104042,0.06548468417047185
3.0,2.0,3.0,204.51,101.36112146477305,0.009462950751185417,0.07080003805175038
1.0,5.0,5.0,238.98,110.66898282808867,0.013598548248410225,0.060614506040715374
1.0,5.0,5.0,208.85,97.07290939053675,0.010542383417487144,0.062479933647260275
1.0,5.0,5.0,212.01,100.86259513511419,0.01099801529198885,0.0677908283390411
3.0,3.0,4.0,240.96,107.26355451388886,0.00948984082788229,0.07993097174657535
1.0,2.0,3.0,232.5,106.61098276970652,0.005240388680249453,0.04186138460806697
,,,,98.20816956173293,0.005277504213154316,0.09865139245624048
,,,,103.46296062140749,0.005220136139541864,0.09965842608447488
2.0,3.0,4.0,226.26,103.60048067157902,0.009521679021418095,0.07362939378805175
2.0,2.0,5.0,224.71,103.3199484859942,0.00882597267627716,0.0882607377283105
1.0,3.0,4.0,205.96,97.63791906131412,0.007707695476710796,0.0794791072108067
,,,,96.75102796267927,0.005292685702443123,0.0998843583523592
1,,4,220.0,102.71586780727641,0.003152743447571993,0.05335420234018265
1.0,1.0,5.0,225.59,99.61078159466554,0.0053079137578606606,0.0715521546803653
1.0,2.0,4.0,222.77,104.52522401368199,0.0074086920358240604,0.04295537243150685
2.0,1.0,4.0,128.57,80.92994747773184,0.01016438752412796,0.04260086686643835
1.0,2.0,4.0,122.69,68.51064438727633,0.013481508940458298,0.08253290881849315
4.0,3.0,4.0,115.34,71.78563914934253,0.010992574505507946,0.07344508062214612
2.0,3.0,4.0,120.14,71.74141512826854,0.012308393605053425,0.0802000095129376
,,,,75.27864655330633,0.008549848571419716,0.08648152111872145
1,,3,141.73,69.02445500781512,0.002465056488290429,0.05655144121004566
,,,,68.85128960597179,0.0030984741169959307,0.11579697607496195
1.0,2.0,3.0,117.35,73.57340947460123,0.006031866651028395,0.10416592346841705
1.0,2.0,2.0,116.14,76.48446853100123,0.008912486024200916,0.0783539050608828
0.0,1.0,2.0,113.47,68.54863917075478,0.0030154476407915354,0.06899926869292237
0,,2,120.41,82.60228888541741,0.00391519395634532,0.0465814366914003
,,,,69.67693228236338,0.005613010376691818,0.09779820086567732
1.0,3.0,3.0,123.32,78.81741085332469,0.009701582603156567,0.07059045614535768
4.0,1.0,2.0,114.33,75.87224516166489,0.006035624537616968,0.09290795638318113
1.0,2.0,3.0,125.21,68.71147230568832,0.00839022733271122,0.05195476003614916
1,,3,110.61,89.86513843625075,0.005309272091835737,0.04553798634893455
2.0,2.0,4.0,131.16,83.59515972818369,0.017095034942030907,0.07149790120814307
3.0,3.0,4.0,121.67,84.6366195285192,0.0169764906167984,0.0681460771023592
2.0,2.0,3.0,119.71,85.20884156408985,0.014713759534060955,0.0668640601217656
3.0,3.0,4.0,122.08,76.39232788247786,0.01763073168694973,0.07519382610350075
3.0,3.0,4.0,116.86,79.02121991191935,0.016485609114170074,0.06457055032343988
3.0,3.0,4.0,117.4,80.61273017464052,0.016048185527324677,0.056521713280060885
2.0,2.0,3.0,115.44,86.6420475410878,0.014556370675563812,0.06338663551179605
1,,2,140.24,71.37023968325566,0.0019157035276293755,0.03471482745132128
0.0,2.0,4.0,127.97,78.18817915638155,0.01705949939787388,0.02722855427130898
0.0,4.0,6.0,127.19,118.8800016399008,0.016865765675902367,0.0554084023021309
0.0,2.0,3.0,127.33,103.97987122382354,0.012085527181625366,0.027254566210045662
4.0,4.0,5.0,122.27,121.19588561797467,0.01844119466841221,0.055483465325342464
1.0,3.0,6.0,113.5,95.37854424627004,0.011478052474558353,0.040409918426560124
1.0,1.0,3.0,123.5,78.0321667624997,0.008271067403256893,0.03617591799847793
1.0,4.0,4.0,122.76,88.39293563592766,0.017611823976039886,0.05885015339611872
3.0,3.0,4.0,115.75,83.85220874495988,0.018499115481972694,0.061549449438736685
1.0,4.0,5.0,110.42,84.34179117381193,0.0168796107172966,0.05922621171042618
4.0,1.0,3.0,118.83,89.74923043149163,0.01004847977310419,0.08998644406392695
1.0,2.0,4.0,133.81,78.98666109906377,0.012805973179638386,0.052520423807123656
0,,1,133.91,86.58897380666279,0.0016820882447063923,0.011709088422754947
1.0,2.0,5.0,232.91,106.95020495154002,0.005168721079826355,0.05569304723173516
2.0,2.0,5.0,239.69,111.5764117499956,0.007839816622436047,0.07715661268074582
1.0,1.0,4.0,261.59,108.27500197250448,0.004851514473557472,0.04127351479261796
2.0,4.0,5.0,229.82,103.87727747795827,0.010166282765567303,0.0823708916000761
1.0,4.0,5.0,224.89,103.47890531061567,0.010859076865017414,0.07597567066210045
3.0,3.0,4.0,198.65,93.36780161293055,0.008594287559390068,0.07442758870814307
2.0,4.0,5.0,203.33,94.65597146904732,0.008139382116496563,0.07412882301179605
,,,,90.2859944172685,0.0051712761633098125,0.08412706906392695
2.0,2.0,4.0,221.96,102.2332575643768,0.0054365526884794235,0.0499458951674277
1.0,5.0,5.0,223.02,102.05300264721147,0.009648418985307217,0.06770090135083714
3.0,3.0,4.0,213.93,97.66042190649894,0.008500315248966217,0.06850652825342465
3.0,4.0,5.0,213.31,97.67412096854328,0.007895478047430515,0.07583520619292237
2.0,3.0,4.0,215.29,99.65606510471419,0.007366755045950413,0.08166633965943683
2.0,3.0,4.0,214.02,98.47592333037409,0.010051439516246319,0.06462926298515982
2.0,4.0,5.0,224.95,103.42782272883593,0.0089490981772542,0.08151026802701675
1.0,4.0,5.0,199.94,93.0135915435582,0.008582175709307194,0.07483040215943683
0,,3,222.95,119.99552313458649,0.007322767283767462,0.0969546708523592
0.0,2.0,4.0,233.47,107.69365495675636,0.0038384925574064255,0.046637176560121764
4.0,2.0,4.0,242.36,109.94833226014406,0.009209617972373962,0.09335164573820395
4.0,3.0,5.0,221.41,103.23272487015778,0.010225818492472172,0.07411321584855403
3.0,4.0,5.0,233.13,108.91699273444135,0.01234513521194458,0.06448805531773212
2.0,3.0,4.0,217.92,102.22484288057977,0.010575786232948303,0.08591669044901065
1.0,2.0,4.0,240.71,110.33782158619466,0.0068968674167990685,0.0427093738108828
2.0,3.0,4.0,205.84,103.16787382126823,0.011942023411393166,0.07225596342275495
3.0,3.0,4.0,250.17,116.37096832043537,0.011412076652050018,0.07413030940829528
2.0,4.0,5.0,241.67,112.19248862816194,0.014744306914508343,0.06286788313356165
2.0,4.0,5.0,234.78,107.11739099028172,0.012771299108862877,0.063460955336758
0.0,1.0,5.0,251.21,110.92879544385295,0.005039516370743513,0.1132203077435312
1.0,4.0,5.0,257.9,118.09707657373716,0.01526663638651371,0.06887515458523592
3.0,4.0,5.0,237.4,109.28394623988203,0.014122663997113705,0.0602339885369102
3.0,1.0,3.0,177.19,87.40155604695191,0.004672215320169926,0.1168857615106545
2.0,1.0,3.0,264.89,119.89416729302692,0.005938226822763681,0.0997884857781583
2.0,2.0,4.0,223.25,103.43318606489198,0.005563655402511358,0.049162564212328765
1.0,4.0,4.0,208.03,95.28011335978469,0.008426529355347157,0.07324293069824962
0,,4,250.36,109.72221682061215,0.0031455527059733868,0.07081440436857563
0.0,2.0,4.0,200.09,96.42597851418866,0.0046319495886564255,0.046927767075722986
1.0,3.0,4.0,210.34,97.69968227287542,0.007489396724849939,0.09019528277207002
1.0,2.0,4.0,261.44,140.66874496282307,0.022909654304385185,0.036887158723363775
2.0,4.0,4.0,217.59,99.71494267080715,0.028847072273492813,0.060111360825722986
1.0,1.0,5.0,229.14,129.24779866150044,0.01289568841457367,0.07489483173076923
1.0,1.0,2.0,122.33,84.94528006068828,0.0061597866006195545,0.048029930079908675
4.0,2.0,3.0,112.15,148.20154346351282,0.009395580738782883,0.09884165120814307
1.0,5.0,5.0,109.34,103.26274754273204,0.01243038009852171,0.07184125879946728
,,,,110.65864395944709,0.008655384182929993,0.07351419805936073
2.0,3.0,3.0,106.8,100.96936552884888,0.009478781372308731,0.08987199153348555
1.0,4.0,4.0,101.68,118.5995529309671,0.008327692747116089,0.08045046732305935
2,,2,128.92,69.87850475344074,0.005840663332492113,0.0531959011130137
1.0,2.0,3.0,122.62,100.68734344588833,0.013508939184248447,0.0841330146499239
4.0,3.0,4.0,119.62,78.9736979990947,0.011713795363903046,0.083884786434551
2.0,4.0,4.0,107.43,98.81864472731704,0.011290976777672768,0.08411592109018265
3.0,3.0,5.0,120.97,89.84262339985001,0.011284880340099335,0.08154594154299848
3.0,2.0,4.0,123.67,83.96858087671731,0.010395514778792858,0.08841829575722983
2.0,3.0,4.0,120.63,79.8306221035722,0.009965048171579838,0.08488215848554033
1.0,4.0,5.0,116.19,96.68487117854963,0.012871789745986462,0.0680464885369102
0,,,,72.59805030478407,0.0026862032245844603,0.09812000570776255
2.0,3.0,4.0,123.21,101.63875668610712,0.014231140725314617,0.08960518336187215
2.0,4.0,4.0,117.66,71.68716516750263,0.014523571357131004,0.07966490677321157
2.0,3.0,4.0,115.52,91.7502327114983,0.014990096911787987,0.07283714445395738
2.0,4.0,4.0,114.53,96.22492653820125,0.01265006884932518,0.08471939806887367
2.0,4.0,4.0,111.47,97.05285312923594,0.01329547818750143,0.06367053724315068
2.0,3.0,4.0,112.16,100.97646769097685,0.010557604022324085,0.08034716276636225
1,,2,168.85,76.36787888787774,0.0044516026973724365,0.10611235968417047
3,,2,123.8,68.97977342783624,0.005117538385093212,0.11066593535958905
1,,3,116.56,80.90005462038337,0.003249664790928364,0.05951382943302892
2.0,1.0,1.0,143.19,68.52318981374289,0.004198258277028799,0.1108205205955099
0,,,,71.32846182922582,0.002147875726222992,0.08797980878995434
0.0,1.0,3.0,201.96,98.38682637928278,0.006872436031699181,0.03255654252283105
3.0,3.0,4.0,188.21,98.81951459096982,0.009806809015572071,0.0644263698630137
1.0,4.0,4.0,167.55,98.45330993927111,0.009363794699311256,0.06347061691400305
3.0,2.0,4.0,189.58,92.94695888721758,0.008420048281550407,0.07609458238203957
1.0,4.0,4.0,168.05,91.31282541104649,0.00933084636926651,0.0693820157914764
2.0,2.0,3.0,171.7,96.25016701657238,0.006507507059723139,0.08192348625380518
2.0,3.0,4.0,175.78,96.75441266826917,0.00976987462490797,0.06668643574010655
2.0,3.0,5.0,194.21,100.57916551291959,0.0093712592497468,0.07637625451864535
2.0,3.0,4.0,169.94,89.30571496952282,0.008773657493293285,0.07515517979452055
,,,,75.90204341541099,0.005232124589383602,0.09194031226217655
1.0,1.0,5.0,158.91,74.30570579765904,0.012963918037712574,0.036284424942922375
0.0,2.0,4.0,223.83,104.30162822979004,0.007940811105072498,0.033394870148401826
2.0,4.0,4.0,223.71,102.59548644703163,0.014994941651821136,0.06094597246004566
0.0,2.0,3.0,200.56,93.31092920292139,0.004500221461057663,0.0818439640410959
0.0,2.0,3.0,239.54,110.98354383185467,0.009397472254931927,0.03492883133561644
3.0,2.0,3.0,213.38,98.24875537656483,0.008966928347945213,0.10416220747716895
2.0,1.0,2.0,247.77,114.13748185133497,0.008404690772294998,0.0902287266933029
1.0,2.0,5.0,106.49,144.37995393764606,0.008357574231922626,0.03361857282153729
4.0,4.0,5.0,106.92,134.10273042978858,0.013716461136937141,0.06792683361872145
2.0,2.0,5.0,125.32,116.20714035687591,0.010755804367363453,0.06338291952054795
1.0,2.0,5.0,105.24,68.18863597170233,0.011211958713829517,0.033799169996194825
1.0,4.0,5.0,106.83,110.58966813227659,0.01746419258415699,0.058844951008371386
2.0,2.0,4.0,100.68,197.71308526469036,0.008184264414012432,0.08293051988203957
0.0,2.0,4.0,119.48,118.5476828331385,0.009306490421295166,0.029765089897260275
2.0,4.0,4.0,108.01,76.16902656106416,0.011026370339095592,0.06784508181126332
2.0,4.0,4.0,111.45,124.87455369863021,0.011447395198047161,0.07116420519406393
1.0,4.0,5.0,107.74,122.32834545435658,0.013994312845170498,0.0631755672089041
1.0,4.0,5.0,113.57,78.01000540252632,0.009539471939206123,0.06894352882420092
1.0,1.0,4.0,216.23,99.43321517415687,0.0029530590400099754,0.03642488941210046
1,,4,230.09,114.31544933298646,0.0026687639765441418,0.08818344511035008
2.0,1.0,3.0,193.84,94.62647637378915,0.002885641297325492,0.07527706430745815
2.0,2.0,4.0,240.53,108.89636831422165,0.004920498002320528,0.09935222840563165
2.0,2.0,5.0,238.77,104.48671041719291,0.005650511477142572,0.08312152183219178
2.0,3.0,5.0,218.93,99.01131073352089,0.004776565823704004,0.08919791072108067
2.0,2.0,4.0,204.65,105.47252367006497,0.004707359708845615,0.07423658675799087
3.0,3.0,5.0,213.87,96.64137487605842,0.00781750213354826,0.08093205978881278
3.0,3.0,4.0,213.74,98.1603155259307,0.00701619777828455,0.08118251759893455
2.0,3.0,4.0,212.13,98.75061381790674,0.007860447280108929,0.0672341728500761
3.0,2.0,4.0,224.68,104.59012236611213,0.00484102126210928,0.08883820276826485
1.0,2.0,4.0,203.28,92.57920897883109,0.005316345486789942,0.07399950651636225
1,,3,246.01,103.03592990628448,0.002308133989572525,0.09602864583333333
3.0,2.0,4.0,205.28,96.17162468080586,0.004199392162263393,0.08261614702245053
4.0,3.0,6.0,214.99,97.13730957520664,0.004242569208145142,0.08766469273211568
4.0,2.0,4.0,231.65,115.89760794357854,0.006091993302106857,0.0842169960521309
2.0,4.0,4.0,205.81,97.22732642686492,0.006166021805256605,0.0735855450913242
3.0,3.0,4.0,210.14,96.77638319901838,0.00544192036613822,0.08241176750380518
4.0,4.0,5.0,207.29,99.13044540708091,0.006854751147329807,0.0693782998002283
1.0,4.0,5.0,195.16,91.09174436203685,0.004608273506164551,0.07352237324010655
0.0,2.0,4.0,239.41,157.45104888414897,0.005305818282067776,0.0356750023782344
2.0,3.0,4.0,226.74,107.07918716774485,0.005891980603337288,0.06899852549467275
1.0,1.0,4.0,236.61,106.94079381157121,0.004181702621281147,0.03633347602739726
1.0,3.0,4.0,217.8,100.84635715989486,0.00714524881914258,0.0852470688261035
1.0,4.0,4.0,210.41,95.04579944188838,0.006283234804868698,0.0783732282153729
2.0,1.0,3.0,238.19,108.17090688572597,0.005250295624136925,0.09322827482876712
1.0,4.0,4.0,242.48,114.12036344754269,0.00858742743730545,0.08193686382229833
2.0,3.0,4.0,218.92,99.69273659726123,0.007324686273932457,0.07475756873097412
3.0,3.0,5.0,220.66,102.21658244785476,0.007653140462934971,0.061743424181887364
,,,,94.66014031669454,0.006899426691234112,0.0659595878519787
3.0,4.0,5.0,223.37,108.25942062407712,0.005793404765427113,0.0728490356259513
0.0,2.0,4.0,261.18,126.17772453710413,0.011863943189382553,0.023990439497716894
,,,,99.11546847929436,0.0136481374502182,0.06303510273972603
0.0,2.0,3.0,232.84,124.46793051319479,0.010846695862710476,0.030025952482876712
1.0,4.0,5.0,221.19,106.72535271882504,0.01685100793838501,0.060341752283105024
2.0,2.0,3.0,214.0,104.27832319089549,0.013303026556968689,0.07709269763127855
1.0,3.0,5.0,215.35,104.31951407180541,0.009901564568281174,0.06965699914383562
1.0,2.0,4.0,245.15,126.4793628679682,0.010172180831432343,0.034764584522450535
2.0,4.0,5.0,210.79,100.38393742987407,0.015407182276248932,0.073226580336758
0.0,1.0,3.0,211.9,93.81029879558228,0.018094399943947792,0.0417632824391172
1.0,3.0,4.0,183.43,85.62028889034684,0.02358952909708023,0.0715900577910959
,,,,86.990382740797,0.02637363038957119,0.0722195467085236
1.0,2.0,5.0,198.54,90.63812979858109,0.01898784376680851,0.031344386177701675
2.0,3.0,4.0,197.1,89.61317845631527,0.02661232091486454,0.07250047564687975
2.0,3.0,4.0,191.69,81.81067781558743,0.022206895053386688,0.0826570229261796
1.0,4.0,4.0,192.08,90.80404643673931,0.03225186467170715,0.07117015078006088
4.0,2.0,4.0,184.5,83.04809769944282,0.019349416717886925,0.10066174372146118
3.0,2.0,3.0,178.28,83.51649140110338,0.023871248587965965,0.08814851479261795
1.0,3.0,4.0,198.92,88.54723037376824,0.022127069532871246,0.09456305888508372
0,,,,75.5854381283052,0.006097970064729452,0.07982023520738205
2.0,1.0,4.0,139.28,76.8485664677761,0.01382460817694664,0.05314610683028919
4.0,3.0,4.0,156.76,78.1383869354214,0.02532471902668476,0.07769543141171995
0.0,2.0,4.0,129.13,83.38839106176833,0.023500800132751465,0.06362594534817352
1.0,1.0,4.0,143.26,82.78005241685815,0.015713175758719444,0.05095441519216134
5.0,3.0,5.0,136.02,94.9544860430452,0.03938756138086319,0.06810148520738205
1.0,4.0,4.0,121.77,86.44133242629552,0.03979404643177986,0.05651651089231355
0.0,2.0,5.0,122.4,69.28052902063932,0.02080060914158821,0.08765949034436835
0.0,1.0,3.0,107.84,98.28653029160927,0.003319141222164035,0.0320779228500761
2.0,2.0,3.0,103.19,94.47675721827578,0.00462367944419384,0.0498544817827245
3.0,4.0,4.0,106.49,128.4746336195404,0.005227293819189072,0.059539098173515985
2.0,4.0,4.0,108.35,111.0959259259603,0.005420464091002941,0.0625988453671994
2.0,3.0,5.0,103.69,91.08015369476827,0.0035725263878703117,0.03500612395357686
1,,3,175.57,84.12267268639128,0.012556130066514015,0.059573285292998476
3.0,3.0,5.0,160.88,78.43263624201924,0.028515003621578217,0.08466811738964992
4.0,2.0,4.0,161.25,81.68241754409344,0.025874795392155647,0.0739445098458904
3.0,5.0,6.0,159.6,76.64435609475336,0.032152581959962845,0.06558427273592085
2.0,3.0,5.0,161.1,77.5516014404728,0.02847541682422161,0.08026392456240487
3.0,3.0,5.0,177.4,82.63534339826218,0.03584456443786621,0.0835912231259513
0,,,,1020.8815789702628,0.002605496672913432,0.08570933813736682
1.0,2.0,4.0,176.93,79.16344106066778,0.007317123468965292,0.04902507253614916
1,,2,171.91,94.21598007268047,0.008430415764451027,0.046025524400684935
2.0,3.0,4.0,129.06,96.48384726175983,0.013221795670688152,0.0716175561263318
4.0,3.0,4.0,122.62,92.98016539739015,0.012178031727671623,0.0788384703196347
3.0,3.0,4.0,135.4,88.2128278142551,0.009920131415128708,0.07837620100837138
2.0,3.0,4.0,136.7,83.00207807534565,0.01060557272285223,0.0824013627283105
2.0,3.0,4.0,141.37,89.7526198798697,0.01196086686104536,0.08346339302701675
3.0,2.0,4.0,141.86,91.76925249035693,0.011640660464763641,0.08255669116248097
3.0,3.0,5.0,121.42,83.66031649079304,0.009230081923305988,0.0712244042522831
4.0,2.0,4.0,138.47,77.86483319420971,0.012793878093361855,0.08663016076864535
5.0,3.0,5.0,136.06,115.93419330073318,0.011452608741819859,0.08930641766552512
2.0,3.0,5.0,117.82,106.33956192711545,0.009747954085469246,0.073814450152207
2.0,1.0,4.0,129.11,97.52222535162,0.00637920293956995,0.04241209451103501
3.0,2.0,4.0,127.32,83.22612546579603,0.008404850959777832,0.0841411898306697
3.0,1.0,3.0,116.79,85.77969216545993,0.00952137541025877,0.08275661149162862
3.0,2.0,4.0,124.72,91.9494382547277,0.008411002345383167,0.0786169972412481
2.0,2.0,5.0,130.06,86.43148618457741,0.007437912281602621,0.03509307814878235
3.0,2.0,4.0,124.27,130.78491414748083,0.008672554045915604,0.08260648544520548
5.0,2.0,4.0,123.03,117.64343819125462,0.008721564896404743,0.098648419663242
2.0,3.0,5.0,124.55,81.43535586197467,0.009620487689971924,0.08540165406202435
2.0,3.0,5.0,134.15,86.582018213358,0.009937392547726631,0.0863455158390411
4.0,3.0,4.0,143.85,84.03941850188497,0.01098974235355854,0.0785367318302892
4.0,2.0,4.0,133.5,81.03300630674055,0.009460925124585629,0.09199828172564688
4.0,3.0,5.0,137.59,96.9992499657593,0.011657845228910446,0.07653232615106545
4.0,3.0,5.0,122.88,101.86834681016308,0.00899249967187643,0.09034020643074582
3.0,2.0,4.0,121.93,112.55909816616672,0.011296485550701618,0.07567839136225267
3.0,2.0,4.0,128.67,90.28555595524024,0.008534838445484638,0.09228961543949772
3.0,3.0,3.0,122.83,87.9157067506011,0.008770118467509747,0.08573683647260275
3.0,3.0,4.0,130.83,111.23868840750563,0.014557084999978542,0.068359375
5.0,2.0,4.0,125.7,87.26713719288587,0.010026474483311176,0.0864525363869863
5.0,3.0,5.0,115.34,99.94123101273605,0.008761826902627945,0.09076977501902588
3.0,2.0,4.0,122.69,93.44250406707567,0.012122943066060543,0.07877232567541857
3.0,2.0,4.0,121.41,100.76483883339337,0.009540355764329433,0.08478405631659057
1.0,2.0,4.0,128.7,83.84991981958474,0.005176798440515995,0.043792956858828
3.0,2.0,4.0,146.72,81.01589876084493,0.008220926858484745,0.09618174467275495
3.0,3.0,4.0,138.24,95.7231387647054,0.015590612776577473,0.06295186453576865
5.0,3.0,5.0,128.68,88.75215837017222,0.012163822539150715,0.0629845652587519
3.0,3.0,4.0,116.18,110.56799646731727,0.01589450240135193,0.05282801797945205
4.0,2.0,4.0,124.04,91.20999621354622,0.008884204551577568,0.08122413670091325
1.0,3.0,4.0,124.98,95.26739805633333,0.012094255536794662,0.0695915976978691
1.0,3.0,4.0,131.03,92.74505034441971,0.012098701670765877,0.08415085140791477
5.0,2.0,4.0,120.96,102.32490359024168,0.008886875584721565,0.08285694325532725
2.0,3.0,4.0,122.24,94.83393069858275,0.012427208013832569,0.06887143859398782
1.0,2.0,3.0,168.67,90.7796919677613,0.005538287106901407,0.049677600599315065
2.0,3.0,4.0,171.52,97.18100659169382,0.009015452116727829,0.08373020119863013
1.0,3.0,3.0,194.05,102.91945184670318,0.00933790672570467,0.06691534080098935
0.0,3.0,5.0,206.13,103.51881139259785,0.009270695969462395,0.0882339825913242
2.0,2.0,4.0,202.89,93.02968160823504,0.005744584370404482,0.09398187785388128
,,,,84.81959008135827,0.004321429878473282,0.1129527563736682
1.0,3.0,3.0,177.17,91.20011332565713,0.00939215812832117,0.07916027516171995
2.0,3.0,4.0,171.47,94.40862644436962,0.009156842716038227,0.07781285673515982
0.0,1.0,3.0,205.93,106.55976552791105,0.006334101781249046,0.03632084165715373
1.0,4.0,4.0,178.26,93.45157404857007,0.008346718735992908,0.0652238215848554
2.0,1.0,4.0,118.6,85.47105771960949,0.010928562842309475,0.029716782011035007
2.0,3.0,4.0,116.92,82.41443070309947,0.012247256934642792,0.07401437048135465
1.0,3.0,4.0,112.23,78.38495022596963,0.010372525081038475,0.08145229856354642
1.0,1.0,4.0,116.11,80.10602292660724,0.005567613989114761,0.03827470985540335
2.0,1.0,3.0,113.46,70.22536815713542,0.0092842448502779,0.09187639721270928
2.0,3.0,4.0,110.61,78.04176954732151,0.009129345417022705,0.08052627354452055
3.0,2.0,4.0,117.99,79.37386174642381,0.007258139550685883,0.08297957096651445
0,,3,126.1,69.52751661449183,0.004122702404856682,0.045083149020167426
3.0,2.0,5.0,119.91,68.70532201146091,0.007082156836986542,0.09225542832001522
2.0,2.0,3.0,112.21,73.16553401066925,0.007662310265004635,0.08594567518074582
2.0,2.0,6.0,148.26,81.72795079732958,0.014690497890114784,0.08178227858637747
4,,4,156.39,76.73162765466101,0.006419606972485781,0.10158107995624048
2.0,2.0,4.0,121.94,81.54107315029866,0.01614338718354702,0.07308834546232877
3.0,2.0,3.0,115.31,81.93116065441956,0.014908348210155964,0.06368019882039574
3.0,2.0,3.0,114.19,81.54387423638903,0.010665006935596466,0.0698702970414764
2.0,3.0,4.0,115.32,79.95038740074719,0.014821103774011135,0.07156999143835617
1.0,4.0,5.0,113.47,76.52394055997132,0.012567901983857155,0.0668521689497717
2.0,2.0,4.0,125.47,79.23425648259727,0.014450103975832462,0.07002042308789955
2.0,2.0,3.0,118.67,77.34704803599055,0.012944979593157768,0.07514031582952815
3.0,2.0,4.0,125.31,83.86052633895983,0.01352121215313673,0.06670278610159817
0.0,2.0,4.0,129.14,68.18460329762358,0.007551761344075203,0.04509504019216134
2.0,3.0,4.0,127.37,68.06862795412462,0.010769665241241455,0.07934756112062405
3.0,3.0,4.0,130.12,73.58424383905054,0.009063748642802238,0.07686527896689498
4.0,2.0,4.0,137.4,71.32521705913913,0.011641505174338818,0.09371878567351598
2.0,1.0,2.0,126.0,96.19400316166997,0.008214605040848255,0.0998271320871385
3.0,2.0,4.0,133.12,69.52589228056146,0.009842325933277607,0.09609033128805175
2.0,2.0,3.0,126.38,69.48078442045642,0.010727489367127419,0.07250419163812785
1.0,2.0,3.0,133.26,70.9783216395584,0.007708901539444923,0.06757827363964992
0.0,2.0,5.0,176.58,85.58762166465205,0.004432227928191423,0.029476874140302613
1.0,2.0,4.0,185.29,86.48435101768283,0.00988839752972126,0.037865950818112636
2.0,3.0,4.0,192.17,88.53743984455024,0.010315068997442722,0.08703817660768645
3.0,3.0,6.0,200.71,92.89556818225402,0.017541823908686638,0.07776529204718417
3.0,1.0,4.0,220.07,99.15921101704264,0.014191195368766785,0.043622021261415525
1.0,3.0,4.0,237.46,108.52472732855422,0.02347784861922264,0.04780028182077625
0.0,1.0,5.0,241.34,203.07396160469753,0.0073083313181996346,0.01809842469262295
0.0,1.0,2.0,223.68,165.00870174420686,0.017075765877962112,0.0253638698630137
4.0,2.0,5.0,242.92,109.29710572199066,0.03247557207942009,0.08392937832952815
3.0,3.0,4.0,229.04,106.53504442613264,0.029150465503335,0.07133291119672755
3.0,3.0,4.0,227.42,106.30768327576376,0.018778374418616295,0.09073484470129375
2.0,3.0,4.0,215.45,100.75706472835242,0.019915353506803513,0.061026237871004564
1.0,1.0,4.0,209.88,98.27713137838516,0.00876260083168745,0.0705570122241248
0.0,2.0,4.0,128.23,67.14197975854059,0.004807285498827696,0.04826329433028919
1.0,2.0,4.0,121.71,67.31753074717052,0.0070295557379722595,0.08887684907724505
2.0,3.0,4.0,119.96,72.96949954426832,0.009973708540201187,0.06812378115487062
1.0,4.0,4.0,117.79,74.47426239081449,0.007810345850884914,0.0675544912956621
1.0,4.0,4.0,117.62,81.53756446275379,0.008358495309948921,0.06790453767123288
2.0,2.0,3.0,112.31,68.12664335212793,0.004262891598045826,0.0986558516457382
0.0,1.0,3.0,107.45,69.13784830957107,0.00781394075602293,0.04792290953196347
5.0,3.0,5.0,122.89,83.61275809521564,0.021958885714411736,0.07099475599315068
0.0,2.0,4.0,110.78,87.53152314265012,0.007694713305681944,0.033718992761299436
1.0,1.0,3.0,145.62,85.45351971437768,0.007848539389669895,0.04715890173135464
0.0,1.0,4.0,129.26,78.53284803549091,0.015883121639490128,0.05046539074391172
3.0,3.0,4.0,109.01,85.35082460998825,0.01877727545797825,0.0816380981259513
3.0,2.0,4.0,105.64,93.4136244522389,0.01862679049372673,0.06884839944824962
2.0,2.0,3.0,116.96,90.38505015153174,0.020488085225224495,0.07171194230403348
0.0,2.0,3.0,108.38,83.51830579193403,0.012895056046545506,0.04867502616057839
0.0,1.0,3.0,122.25,78.18663354884006,0.0091530317440629,0.038649281773211565
,,,,85.72404829707081,0.009177458472549915,0.08527679675608828
0.0,1.0,2.0,101.15,80.25317208581276,0.006766142323613167,0.08132223886986302
1.0,2.0,3.0,115.78,78.47923868990118,0.006157722789794207,0.0606833915033284
0.0,2.0,4.0,118.04,102.58241546090466,0.007208907511085272,0.033341359874429224
,,,,83.65736586876133,0.01376785896718502,0.06861800799086758
1.0,4.0,5.0,108.39,87.5545829871854,0.010297899134457111,0.07408794710806697
2.0,3.0,4.0,109.33,93.08903199791214,0.010183081962168217,0.07510092632229833
0.0,4.0,4.0,103.34,96.40374179449545,0.007052880246192217,0.08528571513508372
1.0,2.0,4.0,123.97,77.05148888211737,0.01026002038270235,0.03846794140030441
1.0,3.0,4.0,120.45,78.57572317764004,0.01390296220779419,0.0891377116628615
2.0,3.0,5.0,110.68,92.32320656343065,0.010784244164824486,0.07309206145357687
1.0,3.0,4.0,114.16,82.21621972236775,0.01272957120090723,0.08129697012937595
4.0,2.0,4.0,118.76,128.26519949814107,0.007098681293427944,0.09590081573439878
1.0,3.0,5.0,112.92,118.11644856152192,0.006886458955705166,0.05463176013127854
0,,2,179.25,84.34434467479967,0.0015649928245693445,0.005946737387309293
1,,3,163.51,68.42935403041281,0.003519616322591901,0.06511085545091325
3.0,4.0,5.0,114.61,102.27636260896213,0.014515962451696396,0.06901041666666667
2.0,2.0,5.0,109.19,125.35612094398745,0.007502908352762461,0.0813214956716134
1.0,2.0,5.0,121.82,162.96876768023824,0.009742100723087788,0.03959314355022831
1.0,4.0,4.0,116.35,96.0584653705682,0.013680999167263508,0.06468351645738205
2.0,3.0,4.0,108.88,95.63038914703418,0.011629579588770866,0.07562785388127855
,,,,110.7228494924023,0.008986471220850945,0.08694973601598173
2.0,3.0,4.0,112.29,106.10850303209926,0.014414636418223381,0.0749545162671233
4.0,3.0,5.0,111.34,92.73694726054839,0.009978522546589375,0.0895420115106545
2.0,4.0,5.0,115.64,92.42408610139124,0.014188345521688461,0.06919770262557078
1.0,3.0,4.0,108.25,81.84080304643264,0.007645341567695141,0.08519876093987823
0.0,1.0,4.0,128.76,80.92940020316303,0.006083508487790823,0.019845700298480463
0.0,2.0,5.0,109.76,98.71314521483431,0.004787397105246782,0.01824861149520649
0.0,1.0,3.0,121.56,86.90926060090656,0.008459550328552723,0.0485457096651446
3.0,3.0,5.0,113.17,91.16762008108694,0.011362133547663689,0.0832025304414003
0.0,1.0,3.0,128.99,66.38571083213341,0.0102940509095788,0.03374788931697108
1.0,4.0,4.0,112.71,98.9176237902872,0.014803379774093628,0.07512991105403348
1.0,4.0,4.0,114.33,82.66463714061774,0.015138855203986168,0.06546536101598173
3.0,3.0,4.0,122.46,96.40813764025155,0.014954688958823681,0.08006549062975647
2.0,3.0,4.0,114.36,99.24938614566473,0.013491238467395306,0.0724224398306697
1.0,3.0,5.0,128.96,82.07587280744237,0.014719897881150246,0.0914498014174277
0.0,2.0,4.0,112.02,101.76160232617056,0.0070994035340845585,0.0506593654870624
1.0,2.0,4.0,198.27,102.29444245107663,0.006041297223418951,0.03697931530631659
2.0,3.0,4.0,196.4,95.20094268073532,0.009766524657607079,0.0797384833999239
2.0,3.0,4.0,221.06,104.66742509882313,0.009031080640852451,0.0798113168283866
1.0,4.0,4.0,199.49,95.64830960628825,0.012415961362421513,0.06510862585616438
4.0,4.0,5.0,178.87,96.97362339734677,0.00808739848434925,0.07509498073630137
3.0,3.0,4.0,172.69,87.14780734099783,0.007753852754831314,0.0742068588280061
2.0,3.0,4.0,179.25,95.04007852751805,0.009716358035802841,0.07059788812785388
4.0,3.0,4.0,163.02,98.29828334835777,0.008175402879714966,0.09383844059170472
1,,3,190.84,92.17104673247053,0.00433254474774003,0.047676910911339423
2.0,2.0,5.0,198.05,92.18741864796196,0.006145070306956768,0.09404207691210045
2.0,3.0,5.0,166.32,99.77525568350484,0.007899104617536068,0.0701675763413242
1.0,4.0,4.0,178.71,93.94547648501933,0.01033560000360012,0.07380404537671233
2.0,4.0,4.0,188.25,93.3627889026834,0.009085741825401783,0.07757651969178082
2.0,4.0,5.0,173.64,90.46441924824863,0.00929972343146801,0.05841686881659056
,,,,84.93228239205207,0.0030347523279488087,0.10139230760083714
3.0,3.0,3.0,174.89,95.11094086588653,0.00914537999778986,0.0735892610825723
3.0,3.0,4.0,155.75,89.41808794428901,0.00693913921713829,0.06947194277968037
2.0,2.0,3.0,184.44,92.22237118142966,0.006371619179844856,0.09211942304033485
1.0,4.0,4.0,206.93,104.96877909711185,0.010459941811859608,0.06272741866438356
0.0,3.0,4.0,201.7,94.29094212608004,0.007687896490097046,0.07441123834665145
1.0,3.0,4.0,200.36,98.3679198556432,0.009302914142608643,0.0813601419805936
1.0,1.0,4.0,223.29,92.15473551075918,0.004155363887548447,0.057064991200532725
3.0,2.0,4.0,171.45,87.08977860872332,0.007457174360752106,0.08780590039954338
4.0,2.0,4.0,201.22,95.6606473327761,0.008241131901741028,0.07993766053082192
2.0,3.0,5.0,176.03,89.505848880188,0.008338415995240211,0.0701980474695586
3.0,3.0,3.0,174.05,86.90733618667012,0.0057156323455274105,0.08273803153538813
2.0,4.0,5.0,165.09,95.72726086809827,0.009630763903260231,0.07010812048135465
2.0,3.0,4.0,180.18,91.21597960824539,0.00954439491033554,0.08396356544901065
2.0,3.0,4.0,162.74,92.88192769398816,0.008842512965202332,0.06569352287861492
0.0,2.0,4.0,205.85,103.93357788405355,0.004960122052580118,0.05221398758561644
1.0,2.0,4.0,209.99,95.15985069631213,0.004319113213568926,0.042717548991628614
2.0,3.0,4.0,186.53,89.43238662332901,0.006717598531395197,0.08018365915144597
2.0,2.0,3.0,161.83,90.66674520528277,0.007368568331003189,0.06946376759893455
1.0,3.0,3.0,184.59,95.09616299855504,0.008661081083118916,0.08108367223173515
,,,,86.5754388562251,0.0077014099806547165,0.07628781392694065
,,,,87.95202760320949,0.006541518494486809,0.0717052535197869
0,,4,115.17,,0.0017807807307690382,0.01673951048951049
1.0,1.0,3.0,135.97,118.6588767262229,0.010994531214237213,0.02863765815258752
1.0,3.0,3.0,113.91,100.76782752179896,0.014984332956373692,0.05616497812024353
2.0,3.0,4.0,109.99,89.55914723144252,0.013363911770284176,0.07106981901636225
1.0,4.0,4.0,112.81,189.28838627280217,0.015497498214244843,0.05797466585806697
,,,,147.58858586556664,0.013152442872524261,0.05714822940449011
1.0,2.0,4.0,111.35,208.48317660648976,0.006390375550836325,0.043491814726142476
0.0,2.0,4.0,124.87,75.76842917709426,0.011204241774976254,0.025616557267884324
2.0,4.0,5.0,113.19,124.3915989328547,0.013041247613728046,0.0578119054414003
1.0,4.0,4.0,118.03,129.3069879463235,0.01256237830966711,0.06038485778158295
0.0,4.0,4.0,115.35,76.72442172131022,0.0079880366101861,0.051521475456621
1.0,2.0,4.0,109.32,72.93819348068016,0.005128897726535797,0.04497083913649025
0,,3,134.03,82.15966501595523,0.002254767343401909,0.01486453956582633
0.0,2.0,4.0,121.23,68.88589869493907,0.0038928482681512833,0.035025196158008656
0.0,2.0,3.0,113.57,82.04461474887384,0.006396390963345766,0.030484505802891932
,,,,68.30427762987493,0.00730306887999177,0.07177214136225267
0.0,2.0,3.0,111.17,90.02430445072616,0.008326324634253979,0.02997169901065449
3.0,3.0,5.0,110.74,130.70653987975254,0.007634200621396303,0.05593904585235921
1.0,2.0,4.0,115.3,100.12825392738466,0.005794398952275515,0.035446840515601215
5.0,3.0,5.0,125.21,70.49935837764231,0.012691700831055641,0.0690958844653729
2.0,2.0,4.0,120.08,129.33679230073326,0.011035233736038208,0.07807371932077625
3.0,3.0,5.0,114.9,96.46734963674126,0.009591812267899513,0.07408571751331812
2.0,4.0,4.0,108.76,78.39072892788774,0.009789248928427696,0.06496741818873668
2.0,3.0,5.0,108.47,90.49596944506712,0.010198935866355896,0.07174761582001522
1.0,2.0,4.0,137.56,73.65081479819067,0.01044350117444992,0.031354047754946726
2.0,3.0,4.0,133.03,110.71104955384791,0.015755675733089447,0.05744773829908676
2.0,3.0,4.0,116.44,105.30836588152906,0.015248501673340797,0.0678636617675038
1.0,3.0,4.0,118.76,79.41960955807542,0.015252858400344849,0.062214611872146115
1.0,4.0,5.0,114.43,331.5531069403503,0.01571035198867321,0.058129251093987824
1.0,4.0,4.0,107.53,211.7415049573983,0.015323407016694546,0.05851720058028919
0,,2,258.81,118.71801901678863,0.0015180523041635752,0.016299919036002693
0,,3,251.26,117.28914154328187,0.0031664499547332525,0.01781832787298387
0.0,2.0,5.0,121.03,72.82465234969483,0.00764818349853158,0.024296786489803626
3.0,3.0,6.0,144.56,107.43653020021056,0.011014793068170547,0.04890762900756484
1.0,3.0,5.0,144.9,73.45931984604789,0.00942278653383255,0.03429759837962963
2.0,2.0,5.0,118.47,95.90170352573783,0.0065679834224283695,0.03083306578196347
2.0,2.0,5.0,145.61,79.74302316111763,0.006579667795449495,0.0525091859303653
0.0,1.0,4.0,180.06,100.53197581084345,0.0038295453414320946,0.01822071471624629
2.0,2.0,5.0,115.22,75.86374203780792,0.005750850308686495,0.037900703887726636
0.0,3.0,5.0,95.15,104.35561027063403,0.01126078050583601,0.02895426060692542
4.0,3.0,5.0,120.83,93.19599739885162,0.018143733963370323,0.0664671922564688
0.0,2.0,4.0,104.4,129.53456645466252,0.009596070274710655,0.021489577387747337
,,,,95.93290973378807,0.010252999141812325,0.06275714659436835
2.0,4.0,5.0,103.21,89.83350465634248,0.012172375805675983,0.065597650304414
2.0,4.0,4.0,119.01,81.58808943057578,0.013740633614361286,0.05732882657914764
,,,,123.46990820074322,0.011176252737641335,0.060944486063546424
1.0,4.0,4.0,108.01,88.67865457282561,0.01362976711243391,0.06685737133751903
2.0,3.0,5.0,168.17,90.72234735697431,0.008842372335493565,0.08365067898592085
1.0,1.0,4.0,230.86,116.87597016928159,0.0021706356201320887,0.022803203232167352
1.0,1.0,3.0,239.08,142.6136660905629,0.004018758423626423,0.04221846417682927
1,,1,218.61,128.21973433110688,0.0011949993204325438,0.023253381881598794
2.0,1.0,4.0,196.17,90.49139840103503,0.002763392636552453,0.04713957857686454
3.0,3.0,4.0,214.27,104.03752446807007,0.007278713863343,0.0792999964326484
2.0,3.0,4.0,209.35,95.72288459626074,0.007045166566967964,0.07156627544710807
0.0,1.0,4.0,212.11,109.30414914423199,0.0020254033152014017,0.018840969374108417
1.0,3.0,4.0,207.88,95.39201087081278,0.006708161439746618,0.05322894313304721
0,,2,222.22,112.86937426678124,0.0015045447507873178,0.008839650197072071
1.0,2.0,4.0,223.18,102.33464571671237,0.00511458795517683,0.03606146546803653
0.0,3.0,4.0,192.22,89.49840769447239,0.0035573032218962908,0.04558406464041096
1.0,2.0,3.0,216.28,99.6660261913112,0.0047406647354364395,0.032320948677701675
2.0,3.0,4.0,209.22,104.59558794331285,0.005535302218049765,0.07523618840372907
1.0,1.0,3.0,272.88,127.86758642124832,0.0066462005488574505,0.03236999976217656
2.0,2.0,3.0,226.4,101.80469916383484,0.006916083861142397,0.05878400875190259
1.0,4.0,4.0,254.12,121.90527221881993,0.00677763856947422,0.058718607305936074
3.0,3.0,5.0,218.77,98.03853267324227,0.005641783121973276,0.06397078933599695
1.0,3.0,4.0,200.19,95.22158411131605,0.00629910733550787,0.05994488441780822
2.0,2.0,4.0,208.3,96.38696916725256,0.011311763897538185,0.0522970321814456
0,,5,225.07,98.4404055481892,0.0034685370046645403,0.02000765602646638
1.0,1.0,3.0,195.92,89.63262769215183,0.014819015748798847,0.046073089088660577
0.0,4.0,4.0,182.98,86.1190019303464,0.024187855422496796,0.060357359446347035
0,,4,203.23,89.1081777471547,0.005595075432211161,0.013553180722343523
0.0,2.0,4.0,192.53,89.90713095574878,0.014018697664141655,0.030291274257990868
0.0,1.0,5.0,125.92,74.86639412051302,0.01343579776585102,0.018787472747093022
1.0,2.0,5.0,136.09,84.12073925501755,0.019854070618748665,0.052628657814614344
3,,4,149.63,78.86677813117969,0.012307603843510151,0.04762414383561644
4.0,2.0,4.0,145.87,78.17231876446485,0.015830297023057938,0.09613120719178082
2.0,2.0,5.0,144.34,102.10994370836578,0.020420335233211517,0.05851591870300752
0.0,1.0,4.0,136.54,65.49897100605772,0.013531900011003017,0.023130560196893062
0.0,2.0,4.0,144.33,70.94937572925521,0.031019221991300583,0.035037338280060885
2.0,3.0,4.0,132.89,73.05899993133752,0.051224034279584885,0.0481681649543379
1.0,4.0,5.0,128.6,80.53571701495622,0.04885909706354141,0.0546228417522831
2.0,4.0,4.0,126.23,78.2618991771356,0.05022473260760307,0.06060558766171994
3.0,2.0,5.0,135.36,83.97390848497828,0.017806081101298332,0.09211124785958905
0,,3,130.55,72.68420487378401,0.0010848729871213436,0.009000231174127465
4.0,3.0,5.0,144.91,77.0590936641048,0.015986215323209763,0.062799014762786
1.0,1.0,4.0,180.43,86.20032213253191,0.010836616158485413,0.043205087043379
1.0,4.0,5.0,152.62,72.86019322910987,0.021523986011743546,0.08522997526636225
,,,,69.46634396845279,0.016088202595710754,0.07881691757039574
1.0,3.0,5.0,154.53,79.38378189647217,0.012410329654812813,0.062481037621359224
0.0,2.0,5.0,199.16,90.82313471122166,0.006814458407461643,0.016216962204088952
1.0,1.0,3.0,191.45,82.59368354729723,0.006296373438090086,0.046736765125570776
2.0,3.0,4.0,176.03,80.90271362855884,0.013892597518861294,0.07528375309170472
3.0,3.0,4.0,174.94,81.5363977536342,0.014398330822587013,0.0746572369672755
1.0,2.0,4.0,190.07,82.45290936485777,0.011115710251033306,0.0358199260369102
5.0,2.0,4.0,184.26,83.69278139940306,0.01203897874802351,0.08355629280821918
3.0,4.0,5.0,172.14,78.93202382486884,0.015143131837248802,0.06525280631659057
0.0,2.0,5.0,251.6,117.46408252918286,0.009547373279929161,0.03531083523592085
2.0,3.0,4.0,224.2,103.42459325402616,0.011033784598112106,0.06692648877473364
2.0,3.0,4.0,219.12,104.14104612635644,0.007381977513432503,0.0817755898021309
1.0,2.0,5.0,219.01,104.87355580147559,0.007091613486409187,0.04572824510083714
0.0,1.0,3.0,213.42,96.1272308807409,0.003927820827811956,0.05415016766552511
0.0,3.0,4.0,252.93,116.91904316747141,0.015846282243728638,0.0823017741628615
1.0,2.0,4.0,206.98,91.73684636417047,0.005533748306334019,0.10213253305745815
1.0,2.0,4.0,258.36,123.67042326120776,0.008607489056885242,0.03626064259893455
1.0,5.0,5.0,209.79,97.00725519395714,0.012877952307462692,0.051964421613394214
2.0,4.0,4.0,252.16,117.35129673551955,0.019212903454899788,0.07613099909627093
1.0,4.0,4.0,237.39,108.324509928859,0.018614185974001884,0.06523645595509893
1.0,4.0,4.0,233.14,107.73789999091062,0.015461728908121586,0.07183308361872145
,,,,111.36005041899203,0.01689913123846054,0.08339055959855403
0.0,3.0,5.0,206.35,98.94743562871182,0.00967534352093935,0.048062630802891936
1.0,4.0,5.0,231.4,106.93305407831808,0.014777871780097485,0.05664136819824962
,,,,111.39582710270767,0.01508934237062931,0.07202408556887367
1.0,5.0,6.0,209.92,99.90673065011045,0.011550063267350197,0.07602174895357687
3.0,2.0,4.0,240.16,117.73362807970506,0.016273366287350655,0.102287118293379
2.0,4.0,5.0,228.57,104.16000638289971,0.015963558107614517,0.06114440639269406
1.0,4.0,5.0,223.42,106.3814641091731,0.013992788270115852,0.08178525137937595
,,,,105.26756827707848,0.02067040465772152,0.05184476669520548
1.0,4.0,5.0,222.0,103.10739822856215,0.018178856000304222,0.0641818576388889
0.0,1.0,3.0,232.61,108.36579948054636,0.007743613328784704,0.03181111467846271
1.0,4.0,5.0,226.23,103.45034415894516,0.012668429873883724,0.05587810359589041
1,,1,225.4,101.91351045086188,0.0032957978546619415,0.04921161529680365
2.0,3.0,4.0,212.53,103.08568715531659,0.007450410630553961,0.07890981735159817
2.0,3.0,5.0,238.11,114.21687160817754,0.011975986883044243,0.07922121741818873
2.0,2.0,5.0,250.54,114.98936019043452,0.010776098817586899,0.08548191947298325
1.0,4.0,4.0,226.25,104.46483984762818,0.014332259073853493,0.06587709284627093
4.0,3.0,4.0,224.61,102.62098786441973,0.013367614708840847,0.08259682386796043
4.0,4.0,6.0,232.04,108.44887450178364,0.018726464360952377,0.05970929057267884
2.0,4.0,4.0,229.78,105.41451922105469,0.016079017892479897,0.07498424419710807
1.0,3.0,4.0,228.51,105.64179430742783,0.011684946715831757,0.07563454266552512
4.0,3.0,4.0,233.13,110.41197237800083,0.012182175181806087,0.0768474422089041
,,,,99.03847333130999,0.011302769184112549,0.057045668046042615
1.0,4.0,5.0,209.31,99.5229669460385,0.01065596379339695,0.05973976170091324
3.0,4.0,4.0,259.25,121.3605505837787,0.017979389056563377,0.060714094606164386
1.0,4.0,5.0,209.43,96.92392326630069,0.00799317192286253,0.07136635511796043
3.0,2.0,3.0,265.06,122.81263939321042,0.007616026327013969,0.09765402040525115
1.0,5.0,5.0,222.81,104.71334162997094,0.012991972267627716,0.06487451840753425
1.0,4.0,5.0,234.97,107.77567824026723,0.013196088373661041,0.06923560573630137
2.0,3.0,4.0,225.82,105.13918925206274,0.013336935080587864,0.0650216716609589
1.0,2.0,3.0,235.1,108.54702084009881,0.010716035962104797,0.08846140125570777
1.0,4.0,4.0,234.81,109.89090505926161,0.013703623786568642,0.063171851217656
2.0,4.0,4.0,222.84,103.41135637489198,0.01468385849148035,0.07408348791856925
2.0,3.0,4.0,206.09,97.73296343291439,0.011166383512318134,0.06584810811453577
1.0,2.0,4.0,226.93,106.77886394684234,0.007996086962521076,0.09957741747526636
,,,,97.44421548816938,0.013713277876377106,0.07625139721270928
2.0,2.0,5.0,239.36,109.83665202158524,0.01682266779243946,0.0868152171328006
0.0,1.0,2.0,227.73,101.62986053773024,0.0033427176531404257,0.07034222792998478
1.0,3.0,3.0,206.11,94.28386001226487,0.011413865722715855,0.08131926607686453
1.0,3.0,3.0,232.58,107.59923893008676,0.01961192861199379,0.0603447250761035
2.0,4.0,4.0,226.82,102.59058176377623,0.012127895839512348,0.06415807529490107
,,,,96.9891345376665,0.0136299729347229,0.06035438665334855
1.0,4.0,4.0,235.85,108.89937674291271,0.01216698158532381,0.0666463030346271
,,,,106.91897813428754,0.012810584157705307,0.07057707857686453
1.0,2.0,4.0,227.44,108.67941467361644,0.009425843134522438,0.04416158319063927
4.0,3.0,4.0,219.9,101.36107969934471,0.01393893826752901,0.0722804889649924
2.0,4.0,4.0,214.32,101.06094824481536,0.012232060544192791,0.06856821370814307
2.0,3.0,4.0,198.35,92.45901879709815,0.010344933718442917,0.07179741010273973
2.0,4.0,4.0,206.23,98.54780382201639,0.012075820006430149,0.07771921375570777
,,,,101.54128881338194,0.012670964002609253,0.07050424514840183
1.0,3.0,4.0,231.46,108.43332168438386,0.014546764083206654,0.0701712923325723
0.0,1.0,3.0,223.51,105.38557246422582,0.004062872380018234,0.04285578386605784
2.0,2.0,5.0,241.2,115.21936823410599,0.00866018608212471,0.08632470628805175
2.0,2.0,4.0,220.29,102.05025257292738,0.009907441213726997,0.1047396725171233
1.0,4.0,4.0,233.8,114.9117468641237,0.010839220136404037,0.0788191471651446
1.0,4.0,4.0,204.16,97.521796234654,0.011454721912741661,0.05674987514269406
3.0,3.0,4.0,197.31,93.52504249078314,0.009592640213668346,0.0778537326388889
3.0,2.0,5.0,226.72,104.57237901411938,0.011761781759560108,0.0849185751997717
0.0,4.0,4.0,219.56,101.15777665630982,0.012485213577747345,0.078140607163242
1.0,4.0,5.0,212.96,100.70519762238504,0.014996225014328957,0.07024189616628615
2.0,4.0,5.0,214.81,114.96006872218769,0.012400283478200436,0.07904359303652968
2.0,3.0,4.0,212.09,103.2299523638462,0.007886418141424656,0.0908775387652207
2.0,2.0,4.0,254.75,118.68159307590133,0.010697181336581707,0.0893970878519787
3.0,3.0,4.0,224.25,102.33796556679806,0.008097785525023937,0.0971791167237443
2.0,3.0,4.0,235.73,111.0464055686523,0.013101762160658836,0.0799904276065449
3.0,3.0,4.0,240.94,112.49550734145242,0.015249265357851982,0.06434536125380518
1.0,3.0,4.0,230.48,107.91564995606545,0.012927796691656113,0.07048269239916286
2.0,3.0,5.0,193.39,93.18750510794045,0.009360520169138908,0.07417118531202435
0,,,,99.8277203490846,0.0020298524759709835,0.07430719059170472
1.0,3.0,4.0,230.67,110.25208977531189,0.014203055761754513,0.07031175680175038
1.0,3.0,4.0,222.31,102.66836685344603,0.013199119828641415,0.07427151707572298
1.0,3.0,5.0,228.37,106.55071695021479,0.011529771611094475,0.0943296946347032
3.0,3.0,4.0,220.12,105.13660736733652,0.01213849987834692,0.07800014269406393
2.0,2.0,4.0,246.76,116.88018373869451,0.007807429879903793,0.09307368959284627
2.0,2.0,5.0,230.33,107.4132047694983,0.009940710850059986,0.0934259655631659
2.0,3.0,5.0,222.8,102.65847879697834,0.011279084719717503,0.08150655203576865
1.0,2.0,6.0,271.88,135.9683703635988,0.011047633364796638,0.03907587756849315
1.0,4.0,4.0,234.23,106.48929462392927,0.019455144181847572,0.07766273068873668
2.0,3.0,4.0,249.85,118.97214671597558,0.01401439681649208,0.08381566899733638
3.0,3.0,4.0,208.55,100.35270482627804,0.012115959078073502,0.0837361467846271
2.0,3.0,4.0,243.04,112.59408862204869,0.016080835834145546,0.07668096580098935
1.0,4.0,5.0,229.83,106.68118630248075,0.02230866253376007,0.06431117413432268
3.0,3.0,4.0,240.02,109.36935971148344,0.021733218804001808,0.07365243293378995
2.0,5.0,5.0,220.57,102.08728678721282,0.01881638541817665,0.06758198963089802
3.0,2.0,3.0,187.59,88.73067540763644,0.009456325322389603,0.08350203933599695
2.0,2.0,4.0,181.32,84.0583787356365,0.008618061430752277,0.09368757134703197
1,,2,244.09,109.6641548294701,0.004091691225767136,0.04792439592846271
,,,,100.69225356430755,0.008199930191040039,0.08197476693302892
3.0,3.0,4.0,220.56,104.02653241834122,0.011387498117983341,0.08106434907724505
0.0,4.0,4.0,222.58,103.85595293936645,0.009740391746163368,0.0780068314783105
3.0,3.0,4.0,213.52,100.28947480521495,0.009912594221532345,0.07209097341133942
1.0,4.0,4.0,202.54,93.76460602532109,0.008386721834540367,0.06349737205098935
2.0,4.0,4.0,208.89,94.6561957699866,0.009620831348001957,0.09113245576484018
1.0,4.0,4.0,190.58,86.28304939290146,0.009321135468780994,0.07824762771118722
2.0,3.0,4.0,208.7,93.73486173674362,0.00890510343015194,0.07606782724505327
,,,,95.81565585781789,0.010192763060331345,0.0680004102454338
1.0,4.0,4.0,219.01,100.76539203193514,0.00908067636191845,0.08604675014269407
2.0,4.0,5.0,224.86,103.4482433273139,0.01304427906870842,0.07095388008942162
0.0,1.0,3.0,219.4,98.4038893381622,0.004713517148047686,0.05555555555555555
2.0,2.0,3.0,207.03,95.49359454298524,0.00712857348844409,0.0891726419805936
,,,,82.52262852303254,0.006769255269318819,0.08395539026826485
1.0,3.0,4.0,218.39,99.68513448466054,0.009401470422744751,0.08940674942922375
1.0,4.0,4.0,181.1,86.09365979835557,0.007827644236385822,0.07802838422754947
2.0,3.0,4.0,187.66,90.18177594578619,0.007455828599631786,0.08248014174277017
1.0,3.0,4.0,202.53,96.94664867921367,0.012303882278501987,0.07821195419520548
1.0,4.0,4.0,189.38,90.33635744436201,0.010460939258337021,0.08591743364726027
1.0,3.0,4.0,182.48,86.83672761863748,0.009318770840764046,0.0729672041476408
0.0,1.0,5.0,254.2,118.98342084530752,0.004681236110627651,0.04651454884893455
2.0,3.0,4.0,195.93,91.14497781027937,0.008483405224978924,0.0681646570585997
3.0,3.0,5.0,206.48,93.93328107872836,0.008198827505111694,0.0793951258085997
3.0,3.0,4.0,203.2,93.9635248996152,0.009174310602247715,0.09562508918378995
1.0,4.0,5.0,197.09,90.13730291878646,0.009222076274454594,0.07996813165905632
,,,,86.20512119298776,0.006869643460959196,0.08249723530251142
2.0,2.0,3.0,179.77,83.22888534041908,0.004640365019440651,0.07490397878614917
2.0,1.0,6.0,243.8,134.0839858946979,0.005423153284937143,0.04495977811073059
3.0,3.0,4.0,212.69,98.07192653817279,0.011557425372302532,0.07830931316590563
2.0,3.0,4.0,175.97,83.11489679871602,0.006800242234021425,0.08957173944063927
1.0,1.0,3.0,219.88,110.216311723405,0.006596922408789396,0.05271728144025875
3.0,3.0,4.0,209.55,95.0430116967551,0.012078051455318928,0.08664576793188737
4.0,3.0,4.0,212.62,107.12906930173018,0.017866527661681175,0.08067268359969558
1.0,2.0,4.0,201.32,97.03874033618487,0.006275379564613104,0.0351220628805175
1.0,4.0,5.0,201.22,96.27362738906618,0.008312136866152287,0.08090010226407915
2.0,3.0,4.0,198.71,98.20664877977843,0.009838797152042389,0.08295876141552512
2.0,4.0,4.0,216.72,101.08800631465763,0.010279107838869095,0.07525179556697108
0.0,1.0,4.0,240.97,124.41897708535855,0.005553344264626503,0.045242193445586
2.0,2.0,4.0,220.57,103.64832287874793,0.008346938528120518,0.10167472293569255
2.0,2.0,4.0,219.96,103.39000392183493,0.008304118178784847,0.09391944920091325
3.0,3.0,4.0,243.22,114.63258505164166,0.011206966824829578,0.093445288717656
2.0,4.0,5.0,232.92,108.29795419120603,0.011208704672753811,0.08392268954528158
1.0,4.0,4.0,216.78,99.54011941129501,0.011366921477019787,0.07545320229261795
1.0,1.0,3.0,225.52,99.06568243361947,0.00601910101249814,0.04461865011415525
1.0,3.0,4.0,214.32,107.21129631256457,0.013590623624622822,0.06585999928652968
,,,,98.02233050060403,0.011273769661784172,0.06824417927130898
2.0,3.0,4.0,227.88,103.0256602221163,0.01006600446999073,0.07947687761605784
2.0,3.0,5.0,236.22,116.74927338697312,0.012391634285449982,0.08848295400494673
2.0,3.0,4.0,206.64,97.41742634078238,0.011563234031200409,0.083984375
3.0,3.0,4.0,209.56,99.17582206302157,0.010438868775963783,0.07742119125761035
2.0,4.0,5.0,227.14,103.63415786955419,0.01412023976445198,0.07380478857496195
2.0,3.0,4.0,215.32,101.54429589672915,0.013370074331760406,0.0837138508371385
0,,2,273.73,127.61164755839866,0.0023921963293105364,0.05510666381278539
2.0,3.0,4.0,234.62,108.24303046784362,0.00778937665745616,0.077300793141172
3.0,3.0,5.0,231.14,105.27662666814756,0.011609330773353577,0.08772191899733638
,,,,86.77407682059922,0.004536746069788933,0.11833722769216135
2.0,2.0,5.0,207.42,95.76954727952211,0.006990351248532534,0.08606607329718417
2.0,3.0,4.0,229.7,102.2873340022491,0.008242219686508179,0.0929874785958904
1.0,3.0,4.0,241.06,116.35281754016319,0.012094462290406227,0.10130163741438356
3.0,3.0,4.0,211.15,98.32110135889035,0.010048546828329563,0.07869206026445967
2.0,3.0,4.0,202.63,93.9551677391429,0.009372578002512455,0.0905802594653729
4.0,2.0,3.0,195.29,91.1815105644418,0.008258026093244553,0.09876510178843227
3.0,3.0,4.0,213.66,96.70170561035177,0.00691355112940073,0.08280343298135465
3.0,2.0,3.0,189.38,87.6920323672256,0.007310588378459215,0.09074079028729072
0.0,1.0,3.0,161.02,90.38613426037269,0.003454185090959072,0.04734395809550989
,,,,96.88987025653904,0.008721549063920975,0.07204340872336377
,,,,84.47796068441087,0.008128832094371319,0.08066004922945205
0.0,2.0,5.0,147.65,120.72611980011159,0.03779713436961174,0.027839463232496194
1.0,5.0,5.0,109.74,79.93129947744347,0.03797056898474693,0.04065145785768645
1.0,1.0,3.0,138.84,101.5340480080146,0.02434348501265049,0.046364422802511414
2.0,4.0,5.0,114.07,87.87599628798552,0.03873723745346069,0.052208933837519025
3.0,4.0,4.0,113.81,77.8066040836289,0.04049311578273773,0.06845227478120243
2.0,3.0,4.0,120.52,87.54913441550286,0.04205763712525368,0.06791791523972603
1.0,2.0,5.0,237.68,111.27018483026156,0.034429557621479034,0.05125080660029498
1.0,2.0,3.0,145.53,95.42653877187506,0.03755200281739235,0.05071885447622585
2.0,1.0,3.0,134.18,71.02172184927345,0.01814795471727848,0.04421063427511415
1.0,4.0,5.0,110.21,149.17560744622517,0.03779396042227745,0.05712890625
2.0,3.0,4.0,111.73,90.4715683736406,0.029829951003193855,0.0714035150304414
0.0,2.0,4.0,144.33,102.01184102545297,0.03507827967405319,0.027852097602739725
2.0,4.0,4.0,140.52,89.66753887261169,0.04810158535838127,0.0703050680175038
2.0,2.0,5.0,132.44,80.7821204674677,0.02673383057117462,0.09147581335616438
0.0,3.0,5.0,146.47,129.7684629522643,0.03869112208485603,0.029861895862308762
1.0,2.0,4.0,126.16,140.29902551964412,0.016551004722714424,0.03875704551940639
2.0,3.0,4.0,98.24,123.8327364200098,0.021936040371656418,0.058413152825342464
0.0,2.0,5.0,125.92,87.36603775453335,0.027960369363427162,0.031613423944063926
1.0,4.0,5.0,107.57,71.00798630696808,0.029902877286076546,0.04992731521118721
1.0,1.0,4.0,133.33,105.31780062263762,0.019573209807276726,0.038247211520167426
1.0,4.0,5.0,110.77,123.75555484997021,0.041409384459257126,0.06500829409246575
2.0,4.0,4.0,101.92,95.08497370954443,0.02566012181341648,0.052738834189497714
1.0,3.0,4.0,104.98,73.53287764409241,0.020817525684833527,0.0686298991628615
2.0,3.0,4.0,99.36,77.22279227449296,0.016217250376939774,0.07412882301179605
0.0,4.0,4.0,123.75,81.74527222193556,0.045824386179447174,0.058554360492770165
2.0,3.0,4.0,104.37,87.26168142050709,0.02433614432811737,0.06687595129375952
2.0,4.0,5.0,109.59,132.06681287304315,0.03126288577914238,0.06626950152207002
1.0,4.0,5.0,109.4,79.82883205844054,0.03314094990491867,0.06838464374048706
3.0,3.0,4.0,102.31,76.49943839414209,0.020731691271066666,0.0751804485350076
1.0,2.0,4.0,111.46,87.36832546711135,0.024856027215719223,0.04836882848173516
,,,,78.29250338310125,0.05390544608235359,0.049250261605783864
2.0,3.0,5.0,103.68,91.3585725192135,0.02787231281399727,0.07908000975076103
3.0,3.0,4.0,114.25,76.46408105029026,0.033838871866464615,0.07003454385464232
3.0,3.0,4.0,106.2,84.65521534051656,0.023672834038734436,0.0668484529585236
3.0,2.0,4.0,115.59,79.10361289623016,0.02844507433474064,0.08088375190258752
1,,3,151.44,85.88179445847078,0.012274467386305332,0.050921714469178085
3.0,3.0,4.0,120.07,84.16898394332301,0.044094037264585495,0.06358135345319635
2.0,3.0,5.0,124.54,77.87263433470679,0.03317093104124069,0.06856003852739725
1.0,4.0,4.0,111.29,83.04533707573401,0.033659014850854874,0.06173747859589041
3.0,4.0,5.0,116.22,83.54198414191217,0.03468174859881401,0.07223738346651445
1.0,3.0,3.0,127.26,92.41724309856447,0.048154883086681366,0.05919053819444445
3.0,4.0,5.0,126.03,88.48268252408694,0.040828485041856766,0.0651398401826484
1.0,3.0,5.0,121.83,90.62783382673004,0.026828624308109283,0.0587312416761796
0.0,2.0,5.0,118.74,97.66474623315723,0.01172437984496355,0.03175017242199391
2.0,3.0,4.0,120.77,98.08586139146891,0.01830228790640831,0.060055620957001524
2.0,4.0,4.0,113.36,94.78047473498958,0.01579388603568077,0.06332123406582953
1.0,1.0,2.0,136.32,73.88342189311535,0.013084598816931248,0.03146924348363775
2.0,4.0,4.0,120.06,107.06429930193039,0.0212356299161911,0.05797243626331811
1.0,4.0,5.0,117.49,96.598500875219,0.01753460429608822,0.06474148592085235
1.0,2.0,4.0,110.86,125.01949119615801,0.009194008074700832,0.0486066519216134
